timestamp,time,load,cpu_usage,gpu_power,cpu_temp,gpu_temp,current,voltage,power,fan1,fan2,stage
1776276876.2605999,23:44:36,NO_LOAD,0.0,3.18,44.0,40.0,0.483,16.40,7.92,47,44,2
1776276877.4976873,23:44:37,NO_LOAD,0.7,2.15,43.0,40.0,0.489,16.41,8.02,44,43,2
1776276878.7242246,23:44:38,NO_LOAD,1.1,3.18,42.0,39.0,0.499,16.42,8.20,43,42,2
1776276879.951711,23:44:39,NO_LOAD,0.9,2.15,42.0,39.0,0.484,16.42,7.95,42,42,2
1776276881.1794865,23:44:41,NO_LOAD,0.7,2.21,42.0,40.0,0.455,16.41,7.47,42,42,2
1776276882.422045,23:44:42,NO_LOAD,0.7,1.20,41.0,39.0,0.453,16.41,7.44,42,41,2
1776276883.669777,23:44:43,NO_LOAD,3.4,2.15,41.0,39.0,0.516,16.41,8.47,41,41,2
1776276884.8359454,23:44:44,NO_LOAD,0.6,2.17,41.0,39.0,0.446,16.41,7.32,41,41,2
1776276886.071644,23:44:46,NO_LOAD,0.7,1.19,41.0,39.0,0.466,16.44,7.66,41,41,1
1776276887.3075714,23:44:47,NO_LOAD,0.5,2.21,40.0,39.0,0.452,16.44,7.43,41,40,1
1776276888.5416062,23:44:48,NO_LOAD,0.8,1.19,40.0,39.0,0.454,16.44,7.46,40,40,1
1776276889.7831483,23:44:49,NO_LOAD,5.0,3.18,40.0,39.0,0.592,16.40,9.71,40,40,1
1776276891.0130844,23:44:51,NO_LOAD,5.1,1.18,41.0,39.0,0.581,16.34,9.49,41,41,1
1776276892.2502635,23:44:52,NO_LOAD,0.7,1.25,41.0,39.0,0.479,16.42,7.86,41,41,1
1776276893.4770572,23:44:53,NO_LOAD,0.7,2.25,41.0,39.0,0.495,16.40,8.12,41,41,1
1776276894.5624492,23:44:54,NO_LOAD,0.6,2.12,41.0,39.0,0.450,16.43,7.40,41,41,1
1776276895.7889318,23:44:55,NO_LOAD,0.7,2.18,40.0,39.0,0.470,16.40,7.71,41,40,1
1776276897.0332758,23:44:57,NO_LOAD,0.7,1.19,40.0,39.0,0.468,16.40,7.68,40,40,1
1776276898.2739446,23:44:58,NO_LOAD,0.6,2.21,40.0,39.0,0.471,16.41,7.73,40,40,1
1776276899.5005,23:44:59,NO_LOAD,0.5,2.19,40.0,39.0,0.480,16.44,7.89,40,40,1
1776276900.7282429,23:45:00,NO_LOAD,0.6,4.00,40.0,39.0,0.488,16.41,8.01,40,40,1
1776276901.9637783,23:45:01,NO_LOAD,0.8,1.22,40.0,39.0,0.491,16.43,8.07,40,40,1
1776276903.223709,23:45:03,NO_LOAD,0.7,1.25,40.0,39.0,0.465,16.41,7.63,40,40,1
1776276904.461645,23:45:04,NO_LOAD,0.7,2.10,39.0,39.0,0.453,16.39,7.43,39,39,1
1776276905.6968026,23:45:05,NO_LOAD,0.5,1.19,39.0,39.0,0.459,16.44,7.55,39,39,1
1776276906.933593,23:45:06,LOW,0.7,6.08,39.0,39.0,0.454,16.43,7.46,39,39,1
1776276908.143483,23:45:08,LOW,13.2,4.17,42.0,40.0,0.720,16.30,11.74,39,42,1
1776276909.371611,23:45:09,LOW,13.1,4.21,44.0,39.0,0.716,16.29,11.66,42,44,1
1776276910.5971048,23:45:10,LOW,13.0,24.03,45.0,50.0,1.886,15.96,30.09,44,45,1
1776276911.8102694,23:45:11,LOW,13.1,22.15,72.0,51.0,2.389,15.48,36.99,72,83,1
1776276912.9061,23:45:12,LOW,13.5,25.04,88.0,51.0,2.383,15.48,36.89,83,88,1
1776276914.028403,23:45:14,LOW,13.5,24.19,90.0,51.0,2.391,15.41,36.84,88,90,2
1776276915.2394278,23:45:15,LOW,13.2,23.21,91.0,52.0,2.362,15.45,36.50,90,91,2
1776276916.3236125,23:45:16,LOW,13.2,22.23,91.0,52.0,2.376,15.45,36.70,91,91,2
1776276917.5450714,23:45:17,LOW,13.1,24.02,91.0,52.0,2.348,15.44,36.26,91,91,2
1776276918.7730653,23:45:18,LOW,13.1,26.01,92.0,52.0,2.366,15.43,36.51,91,92,3
1776276919.8944156,23:45:19,LOW,13.2,23.08,92.0,52.0,2.345,15.43,36.18,92,92,3
1776276921.1231277,23:45:21,LOW,13.0,24.12,92.0,52.0,2.328,15.43,35.91,92,92,3
1776276922.349853,23:45:22,LOW,12.9,23.05,92.0,53.0,2.324,15.40,35.79,92,92,4
1776276923.566364,23:45:23,LOW,13.1,25.23,92.0,52.0,2.331,15.40,35.90,92,92,5
1776276924.7819853,23:45:24,LOW,13.1,25.12,92.0,53.0,2.337,15.40,35.99,92,92,6
1776276926.0004191,23:45:25,LOW,13.1,23.00,92.0,52.0,2.322,15.41,35.78,92,92,7
1776276927.2258599,23:45:27,LOW,13.1,23.02,92.0,53.0,2.331,15.40,35.90,92,92,8
1776276928.455689,23:45:28,LOW,13.1,23.02,92.0,53.0,2.355,15.38,36.22,92,92,9
1776276929.6722722,23:45:29,LOW,12.9,24.06,92.0,52.0,2.355,15.37,36.20,92,92,11
1776276930.9119797,23:45:30,LOW,16.1,23.08,92.0,53.0,2.571,15.32,39.39,92,92,11
1776276932.1015964,23:45:32,LOW,13.5,22.21,92.0,54.0,2.424,15.30,37.09,92,92,11
1776276933.2887108,23:45:33,LOW,13.3,22.01,92.0,54.0,2.408,15.35,36.95,92,92,11
1776276934.4821696,23:45:34,LOW,13.0,24.13,92.0,53.0,2.413,15.34,37.01,92,92,11
1776276935.5692146,23:45:35,LOW,13.0,21.17,92.0,54.0,2.409,15.33,36.92,92,92,11
1776276936.7276626,23:45:36,LOW,14.0,22.12,92.0,54.0,2.486,15.20,37.79,92,92,11
1776276937.9536183,23:45:37,MED,13.3,51.19,92.0,53.0,2.428,15.29,37.11,92,92,11
1776276939.1327846,23:45:39,MED,25.5,38.04,92.0,55.0,3.876,14.76,57.22,92,92,11
1776276940.2651134,23:45:40,MED,25.6,29.08,90.0,53.0,3.554,14.67,52.15,92,90,11
1776276941.4777806,23:45:41,MED,25.6,28.20,86.0,52.0,2.993,15.00,44.89,90,86,11
1776276942.6218023,23:45:42,MED,25.5,28.13,83.0,52.0,2.964,15.04,44.59,86,83,10
1776276943.7491245,23:45:43,MED,27.3,27.09,80.0,52.0,2.931,15.04,44.09,83,80,10
1776276944.8423157,23:45:44,MED,25.6,27.04,79.0,52.0,2.902,15.05,43.69,80,79,9
1776276945.923045,23:45:45,MED,25.6,28.02,79.0,53.0,2.876,15.06,43.32,79,79,9
1776276947.1244574,23:45:47,MED,25.5,29.06,79.0,53.0,2.865,15.06,43.15,79,79,9
1776276948.2682488,23:45:48,MED,25.5,27.12,78.0,52.0,2.860,15.07,43.10,79,78,9
1776276949.4887652,23:45:49,MED,25.5,28.17,78.0,53.0,2.857,15.06,43.03,78,78,9
1776276950.7024438,23:45:50,MED,25.5,28.18,78.0,52.0,2.861,15.06,43.08,78,78,9
1776276951.83152,23:45:51,MED,25.5,29.02,78.0,53.0,2.869,15.05,43.19,78,78,9
1776276953.016313,23:45:53,MED,25.6,28.07,78.0,53.0,2.874,15.04,43.23,78,78,9
1776276954.2253482,23:45:54,MED,25.5,27.10,79.0,53.0,2.898,15.03,43.56,78,79,9
1776276955.344306,23:45:55,MED,25.6,27.15,79.0,54.0,2.886,15.03,43.37,79,79,9
1776276956.5592046,23:45:56,MED,25.5,27.24,79.0,53.0,2.861,15.04,43.02,79,79,9
1776276957.795562,23:45:57,MED,25.5,27.15,79.0,54.0,2.869,15.04,43.14,79,79,9
1776276959.0166361,23:45:59,MED,25.5,29.08,79.0,53.0,2.869,15.03,43.12,79,79,9
1776276960.1559715,23:46:00,MED,25.5,27.23,79.0,53.0,2.880,15.02,43.25,79,79,9
1776276961.3659003,23:46:01,MED,25.5,27.24,79.0,54.0,2.897,15.01,43.48,79,79,9
1776276962.5796254,23:46:02,MED,25.6,28.05,79.0,54.0,2.882,15.01,43.26,79,79,9
1776276963.7914772,23:46:03,MED,25.5,29.02,79.0,54.0,2.881,15.01,43.24,79,79,9
1776276964.8777647,23:46:04,MED,25.5,29.09,79.0,54.0,2.892,15.00,43.39,79,79,9
1776276966.0830631,23:46:06,MED,25.5,27.25,79.0,54.0,2.904,15.00,43.56,79,79,9
1776276967.3155308,23:46:07,MED,25.6,27.25,79.0,54.0,2.887,14.99,43.28,79,79,9
1776276968.531002,23:46:08,HIGH,25.5,46.24,80.0,54.0,2.890,14.99,43.33,79,80,9
1776276969.7353866,23:46:09,HIGH,50.5,27.14,79.0,50.0,2.895,15.00,43.43,79,79,9
1776276970.855405,23:46:10,HIGH,50.5,27.20,78.0,51.0,2.868,15.00,43.02,79,78,9
1776276971.939167,23:46:11,HIGH,50.5,28.00,78.0,51.0,2.864,15.00,42.95,78,78,9
1776276973.0191166,23:46:13,HIGH,50.6,28.08,78.0,52.0,2.875,14.99,43.10,78,78,9
1776276974.2187948,23:46:14,HIGH,50.8,27.21,78.0,51.0,2.852,14.99,42.76,78,78,9
1776276975.3657546,23:46:15,HIGH,50.5,27.18,78.0,53.0,2.856,14.99,42.82,78,78,9
1776276976.4744377,23:46:16,HIGH,50.6,28.04,78.0,52.0,2.877,14.98,43.11,78,78,9
1776276977.6757913,23:46:17,HIGH,50.5,28.04,79.0,52.0,2.888,14.97,43.25,78,79,9
1776276978.8391418,23:46:18,HIGH,50.6,27.23,79.0,52.0,2.896,14.96,43.31,79,79,9
1776276980.0500634,23:46:20,HIGH,50.5,27.24,79.0,52.0,2.874,14.98,43.04,79,79,9
1776276981.1289139,23:46:21,HIGH,50.5,28.05,79.0,52.0,2.878,14.98,43.10,79,79,9
1776276982.2783499,23:46:22,HIGH,50.5,27.14,79.0,52.0,2.871,14.97,42.98,79,79,9
1776276983.4290817,23:46:23,HIGH,50.5,28.10,79.0,53.0,2.863,14.97,42.86,79,79,9
1776276984.5496306,23:46:24,HIGH,50.6,28.04,79.0,52.0,2.879,14.98,43.12,79,79,9
1776276985.7505891,23:46:25,HIGH,50.5,26.23,79.0,52.0,2.871,14.97,42.98,79,79,9
1776276986.950413,23:46:26,HIGH,50.5,28.03,79.0,52.0,2.872,14.96,42.98,79,79,9
1776276988.143543,23:46:28,HIGH,50.4,27.21,79.0,52.0,2.876,14.96,43.03,79,79,9
1776276989.3455555,23:46:29,HIGH,50.5,27.03,79.0,53.0,2.889,14.96,43.21,79,79,9
1776276990.5026162,23:46:30,HIGH,50.5,27.14,79.0,52.0,2.901,14.94,43.35,79,79,9
1776276991.6391585,23:46:31,HIGH,51.6,28.02,79.0,52.0,2.891,14.94,43.20,79,79,9
1776276992.8190923,23:46:32,HIGH,50.5,28.01,80.0,52.0,2.869,14.96,42.93,79,80,9
1776276994.0218577,23:46:34,HIGH,50.5,28.01,80.0,52.0,2.869,14.96,42.91,80,80,9
1776276995.1060662,23:46:35,HIGH,50.4,28.02,80.0,53.0,2.873,14.95,42.96,80,80,9
1776276996.2803388,23:46:36,HIGH,50.5,28.02,80.0,53.0,2.870,14.95,42.91,80,80,9
1776276997.4837565,23:46:37,HIGH,50.5,27.17,80.0,53.0,2.872,14.95,42.92,80,80,9
1776276998.6112926,23:46:38,NO_LOAD,50.7,14.11,80.0,53.0,2.880,14.94,43.03,80,80,9
1776276999.8293612,23:46:39,NO_LOAD,0.6,2.02,76.0,48.0,0.614,15.84,9.72,80,76,9
1776277001.0648324,23:46:41,NO_LOAD,0.6,1.23,72.0,48.0,0.560,15.95,8.93,76,72,9
1776277002.319669,23:46:42,NO_LOAD,0.5,1.21,68.0,48.0,0.538,16.01,8.61,72,68,9
1776277003.553704,23:46:43,NO_LOAD,3.1,2.11,62.0,48.0,0.582,16.04,9.34,65,62,8
1776277004.7906296,23:46:44,NO_LOAD,0.5,2.12,58.0,47.0,0.513,16.08,8.25,62,58,7
1776277006.0216925,23:46:46,NO_LOAD,0.6,1.25,55.0,47.0,0.528,16.09,8.50,58,55,6
1776277007.261264,23:46:47,NO_LOAD,0.6,3.14,53.0,47.0,0.490,16.09,7.89,55,53,5
1776277008.5145063,23:46:48,NO_LOAD,0.5,1.23,52.0,47.0,0.471,16.09,7.58,53,52,5
1776277009.7404041,23:46:49,NO_LOAD,0.6,2.19,50.0,46.0,0.503,16.09,8.10,51,50,4
1776277010.8369753,23:46:50,NO_LOAD,0.6,2.19,50.0,46.0,0.459,16.13,7.41,50,50,4
1776277012.0755866,23:46:52,NO_LOAD,0.7,2.00,49.0,46.0,0.493,16.14,7.95,50,49,4
1776277013.2986867,23:46:53,NO_LOAD,0.7,2.23,49.0,46.0,0.511,16.14,8.25,49,49,4
1776277014.5447962,23:46:54,NO_LOAD,0.6,3.22,49.0,46.0,0.489,16.13,7.89,49,49,4
1776277015.7866614,23:46:55,NO_LOAD,0.9,2.01,48.0,46.0,0.504,16.10,8.11,49,48,4
1776277017.0106308,23:46:57,NO_LOAD,0.5,2.03,48.0,46.0,0.477,16.12,7.69,48,48,3
1776277018.2360792,23:46:58,NO_LOAD,0.5,2.03,48.0,46.0,0.459,16.15,7.41,48,48,3
1776277019.4673963,23:46:59,NO_LOAD,0.6,1.21,47.0,46.0,0.481,16.15,7.77,48,47,3
1776277020.7077894,23:47:00,NO_LOAD,0.7,1.24,47.0,46.0,0.493,16.16,7.97,47,47,3
1776277021.9493458,23:47:01,NO_LOAD,0.7,1.20,46.0,45.0,0.476,16.15,7.69,47,46,3
1776277023.1707945,23:47:03,NO_LOAD,0.9,2.24,46.0,46.0,0.488,16.15,7.88,46,46,3
1776277024.3984234,23:47:04,NO_LOAD,0.5,2.05,46.0,46.0,0.478,16.15,7.72,46,46,3
1776277025.6324952,23:47:05,NO_LOAD,0.7,2.03,46.0,45.0,0.484,16.18,7.83,46,46,3
1776277026.8619025,23:47:06,NO_LOAD,0.5,2.13,46.0,45.0,0.475,16.19,7.69,46,46,3
1776277028.0242102,23:47:08,NO_LOAD,0.8,2.16,46.0,45.0,0.484,16.19,7.83,46,46,3
1776277029.254677,23:47:09,LOW,0.6,6.08,46.0,45.0,0.470,16.19,7.61,46,46,3
1776277030.4608617,23:47:10,LOW,13.1,4.13,49.0,46.0,0.746,16.12,12.02,46,49,3
1776277031.6835418,23:47:11,LOW,13.2,4.20,50.0,46.0,0.764,16.06,12.27,49,50,3
1776277032.899216,23:47:12,LOW,13.1,22.24,65.0,55.0,2.079,16.06,33.39,50,65,3
1776277034.0891576,23:47:14,LOW,13.2,21.19,80.0,55.0,2.279,15.35,34.98,65,80,3
1776277035.3167264,23:47:15,LOW,13.0,20.21,87.0,55.0,2.255,15.37,34.66,80,87,3
1776277036.5477753,23:47:16,LOW,13.1,22.03,90.0,55.0,2.253,15.35,34.59,87,90,4
1776277037.7625225,23:47:17,LOW,13.1,20.17,91.0,56.0,2.255,15.34,34.58,91,91,6
1776277038.9416149,23:47:18,LOW,13.1,21.14,91.0,56.0,2.259,15.32,34.61,91,91,7
1776277040.1564193,23:47:20,LOW,13.0,21.14,91.0,55.0,2.228,15.32,34.13,91,91,8
1776277041.3798115,23:47:21,LOW,13.0,23.10,92.0,56.0,2.274,15.31,34.82,91,92,9
1776277042.4919803,23:47:22,LOW,13.2,21.12,92.0,56.0,2.286,15.30,34.99,92,92,10
1776277043.6767225,23:47:23,LOW,13.0,23.01,92.0,55.0,2.293,15.31,35.10,92,92,11
1776277044.909652,23:47:24,LOW,13.1,20.09,92.0,56.0,2.310,15.29,35.32,92,92,11
1776277046.0558279,23:47:26,LOW,13.1,21.05,92.0,56.0,2.349,15.27,35.86,92,92,11
1776277047.1801941,23:47:27,LOW,13.0,21.20,92.0,56.0,2.337,15.26,35.67,92,92,11
1776277048.3102615,23:47:28,LOW,13.1,23.14,92.0,56.0,2.336,15.27,35.66,92,92,11
1776277049.5118217,23:47:29,LOW,13.2,22.08,92.0,56.0,2.349,15.23,35.78,92,92,11
1776277050.6594808,23:47:30,LOW,13.0,21.13,92.0,56.0,2.355,15.24,35.90,92,92,11
1776277051.8642745,23:47:31,LOW,13.6,21.22,92.0,55.0,2.400,15.25,36.60,92,92,11
1776277053.0560436,23:47:33,LOW,13.1,21.04,92.0,56.0,2.342,15.24,35.69,92,92,11
1776277054.303989,23:47:34,LOW,13.2,21.23,92.0,56.0,2.353,15.24,35.87,92,92,11
1776277055.5178316,23:47:35,LOW,13.1,24.14,92.0,56.0,2.358,15.23,35.92,92,92,11
1776277056.7386875,23:47:36,LOW,13.2,21.06,92.0,56.0,2.369,15.23,36.07,92,92,11
1776277057.9171243,23:47:37,LOW,13.4,21.12,92.0,56.0,2.363,15.22,35.97,92,92,11
1776277059.118043,23:47:39,LOW,13.1,23.02,92.0,56.0,2.360,15.20,35.86,92,92,11
1776277060.3496535,23:47:40,MED,13.2,55.10,92.0,56.0,2.353,15.21,35.79,92,92,11
1776277061.4453306,23:47:41,MED,25.7,36.06,92.0,57.0,3.789,15.22,57.68,92,92,11
1776277062.5398233,23:47:42,MED,25.5,36.25,92.0,57.0,3.799,14.63,55.59,92,92,11
1776277063.6316164,23:47:43,MED,27.2,29.16,91.0,55.0,3.327,14.62,48.62,92,91,11
1776277064.7115943,23:47:44,MED,25.4,29.21,87.0,55.0,3.008,14.87,44.72,91,87,11
1776277065.9439027,23:47:45,MED,25.5,28.05,85.0,55.0,2.965,14.93,44.27,87,85,11
1776277067.155415,23:47:47,MED,25.5,28.05,83.0,54.0,2.942,14.93,43.93,83,82,10
1776277068.266077,23:47:48,MED,25.5,27.25,81.0,55.0,2.922,14.94,43.65,82,81,10
1776277069.4272296,23:47:49,MED,25.5,28.16,81.0,56.0,2.905,14.94,43.41,81,81,10
1776277070.5244136,23:47:50,MED,25.5,27.23,81.0,55.0,2.906,14.94,43.42,81,81,10
1776277071.7303972,23:47:51,MED,25.5,27.23,81.0,54.0,2.912,14.94,43.50,81,81,10
1776277072.9039714,23:47:52,MED,25.5,29.00,81.0,55.0,2.935,14.91,43.77,81,81,10
1776277074.0110173,23:47:54,MED,25.7,29.09,81.0,55.0,2.939,14.92,43.86,81,81,10
1776277075.1777732,23:47:55,MED,25.6,28.12,81.0,55.0,2.939,14.92,43.85,81,81,10
1776277076.4000998,23:47:56,MED,25.5,28.07,81.0,55.0,2.915,14.90,43.45,81,81,10
1776277077.6210747,23:47:57,MED,25.5,28.05,81.0,56.0,2.918,14.92,43.53,81,81,10
1776277078.8362086,23:47:58,MED,25.5,28.05,81.0,56.0,2.954,14.90,44.02,81,81,10
1776277080.0495589,23:48:00,MED,25.5,29.03,81.0,56.0,2.936,14.90,43.76,81,81,10
1776277081.2606945,23:48:01,MED,25.5,28.20,81.0,56.0,2.929,14.90,43.64,81,81,10
1776277082.4773228,23:48:02,MED,25.6,29.08,81.0,56.0,2.904,14.91,43.29,81,81,10
1776277083.662333,23:48:03,MED,25.4,28.21,81.0,56.0,2.911,14.91,43.40,81,81,10
1776277084.8059773,23:48:04,MED,25.6,28.06,81.0,56.0,2.943,14.90,43.86,81,81,10
1776277086.0186155,23:48:06,MED,25.5,28.06,81.0,56.0,2.940,14.89,43.77,81,81,10
1776277087.2331812,23:48:07,MED,25.5,28.15,81.0,56.0,2.946,14.88,43.85,81,81,10
1776277088.442399,23:48:08,MED,25.5,28.19,81.0,56.0,2.929,14.89,43.61,81,81,10
1776277089.6539197,23:48:09,MED,25.5,29.09,81.0,57.0,2.929,14.89,43.61,81,81,10
1776277090.8478105,23:48:10,HIGH,25.6,45.05,81.0,56.0,2.952,14.87,43.91,81,81,10
1776277091.9695294,23:48:11,HIGH,50.6,27.19,81.0,53.0,2.909,14.86,43.23,81,81,10
1776277093.1501412,23:48:13,HIGH,50.5,28.01,81.0,53.0,2.907,14.89,43.28,81,81,10
1776277094.2506616,23:48:14,HIGH,50.8,27.19,80.0,53.0,2.896,14.89,43.13,81,80,10
1776277095.337819,23:48:15,HIGH,50.5,28.07,80.0,53.0,2.895,14.89,43.11,80,80,9
1776277096.48785,23:48:16,HIGH,50.5,27.20,80.0,53.0,2.915,14.89,43.40,80,80,9
1776277097.6912398,23:48:17,HIGH,50.5,27.19,80.0,54.0,2.902,14.89,43.20,80,80,9
1776277098.7963064,23:48:18,HIGH,51.1,27.20,80.0,53.0,2.907,14.88,43.26,80,81,9
1776277099.9131622,23:48:19,HIGH,50.8,27.15,81.0,53.0,2.899,14.89,43.16,81,81,9
1776277101.0527954,23:48:21,HIGH,50.5,28.09,81.0,53.0,2.891,14.88,43.03,81,81,9
1776277102.2561038,23:48:22,HIGH,50.8,28.03,81.0,53.0,2.909,14.88,43.28,81,81,9
1776277103.3463311,23:48:23,HIGH,51.8,27.15,81.0,53.0,2.902,14.87,43.16,81,81,9
1776277104.5488405,23:48:24,HIGH,50.5,27.20,81.0,53.0,2.903,14.87,43.18,81,81,9
1776277105.636133,23:48:25,HIGH,50.4,28.07,81.0,53.0,2.901,14.88,43.15,81,81,9
1776277106.777682,23:48:26,HIGH,50.5,27.19,81.0,54.0,2.907,14.86,43.19,81,81,9
1776277107.9444458,23:48:27,HIGH,50.4,27.21,81.0,54.0,2.907,14.86,43.20,81,81,9
1776277109.0604317,23:48:29,HIGH,50.6,28.15,81.0,54.0,2.910,14.87,43.26,81,81,9
1776277110.2757082,23:48:30,HIGH,50.5,27.19,81.0,54.0,2.905,14.86,43.18,81,81,9
1776277111.36615,23:48:31,HIGH,51.3,27.21,81.0,54.0,2.925,14.86,43.47,81,81,9
1776277112.4614,23:48:32,HIGH,51.3,28.03,81.0,55.0,2.914,14.85,43.27,81,81,9
1776277113.5566957,23:48:33,HIGH,50.5,27.23,81.0,55.0,2.888,14.87,42.94,81,81,9
1776277114.6438818,23:48:34,HIGH,50.5,28.02,81.0,54.0,2.902,14.86,43.12,81,81,9
1776277115.7672358,23:48:35,HIGH,50.5,28.02,81.0,54.0,2.908,14.86,43.22,81,81,9
1776277116.8897865,23:48:36,HIGH,50.6,28.03,81.0,54.0,2.899,14.87,43.09,81,81,9
1776277118.033851,23:48:38,HIGH,50.5,28.02,81.0,54.0,2.892,14.86,42.98,81,82,9
1776277119.1500783,23:48:39,HIGH,50.4,28.03,82.0,54.0,2.892,14.87,42.99,82,82,10
1776277120.3503828,23:48:40,HIGH,50.5,27.25,82.0,54.0,2.930,14.86,43.54,82,82,10
1776277121.4804623,23:48:41,NO_LOAD,50.6,27.24,82.0,55.0,2.939,14.84,43.62,82,82,10
1776277122.6937823,23:48:42,NO_LOAD,0.6,9.10,78.0,50.0,0.627,15.82,9.92,82,78,10
1776277123.9148946,23:48:43,NO_LOAD,3.2,1.23,72.0,50.0,0.636,15.82,10.06,78,72,9
1776277125.159278,23:48:45,NO_LOAD,0.6,1.25,67.0,49.0,0.550,15.87,8.73,72,67,9
1776277126.3881254,23:48:46,NO_LOAD,0.6,2.19,65.0,49.0,0.561,15.86,8.90,65,64,8
1776277127.623987,23:48:47,NO_LOAD,0.5,1.24,59.0,49.0,0.545,15.90,8.67,64,59,7
1776277128.853777,23:48:48,NO_LOAD,0.5,2.14,56.0,49.0,0.509,15.95,8.12,59,56,6
1776277130.0787957,23:48:50,NO_LOAD,0.6,1.24,55.0,48.0,0.504,15.96,8.04,56,55,5
1776277131.321218,23:48:51,NO_LOAD,0.6,2.02,54.0,48.0,0.499,15.95,7.96,55,54,5
1776277132.5525248,23:48:52,NO_LOAD,0.6,1.24,53.0,48.0,0.515,15.96,8.22,53,52,5
1776277133.7761517,23:48:53,NO_LOAD,0.6,2.23,52.0,48.0,0.494,15.97,7.89,52,52,4
1776277134.9977908,23:48:54,NO_LOAD,0.6,1.22,51.0,48.0,0.504,15.96,8.05,52,51,4
1776277136.150941,23:48:56,NO_LOAD,0.6,1.21,50.0,48.0,0.502,16.00,8.03,51,50,4
1776277137.3888366,23:48:57,NO_LOAD,0.5,2.21,50.0,48.0,0.482,16.01,7.71,50,50,4
1776277138.63363,23:48:58,NO_LOAD,0.6,1.23,49.0,47.0,0.465,16.00,7.44,50,49,4
1776277139.861971,23:48:59,NO_LOAD,0.6,3.02,49.0,47.0,0.508,15.97,8.11,49,49,4
1776277141.0847785,23:49:01,NO_LOAD,0.6,4.05,49.0,47.0,0.480,16.00,7.68,49,49,4
1776277142.3089457,23:49:02,NO_LOAD,0.8,3.04,48.0,47.0,0.500,16.00,8.00,49,48,4
1776277143.5454407,23:49:03,NO_LOAD,0.6,3.03,48.0,47.0,0.504,16.01,8.07,48,48,3
1776277144.7828088,23:49:04,NO_LOAD,0.5,1.24,48.0,47.0,0.495,16.03,7.93,48,48,3
1776277145.942791,23:49:05,NO_LOAD,0.6,1.22,48.0,47.0,0.517,16.01,8.28,48,48,3
1776277147.1711278,23:49:07,NO_LOAD,0.5,4.05,48.0,46.0,0.506,16.00,8.10,48,48,3
1776277148.3561807,23:49:08,NO_LOAD,0.8,2.14,47.0,46.0,0.494,16.02,7.92,48,47,3
1776277149.572052,23:49:09,NO_LOAD,0.5,2.13,47.0,46.0,0.490,16.02,7.85,47,47,3
1776277150.8101046,23:49:10,NO_LOAD,0.6,2.18,47.0,46.0,0.503,16.04,8.07,47,47,3
1776277152.0572946,23:49:12,LOW,0.6,6.08,47.0,46.0,0.479,16.06,7.69,47,47,3
1776277153.1579468,23:49:13,LOW,13.4,4.18,48.0,48.0,0.740,15.93,11.79,47,48,3
1776277154.2419865,23:49:14,LOW,13.5,4.13,50.0,47.0,0.782,15.92,12.45,48,50,3
1776277155.4403906,23:49:15,LOW,13.2,21.17,51.0,56.0,1.556,15.49,24.10,51,71,3
1776277156.6584811,23:49:16,LOW,13.0,22.15,83.0,56.0,2.237,15.30,34.23,71,83,3
1776277157.8791614,23:49:17,LOW,13.0,22.04,88.0,56.0,2.239,15.27,34.19,83,88,4
1776277159.0905464,23:49:19,LOW,13.3,23.04,90.0,56.0,2.280,15.28,34.85,88,90,5
1776277160.1974072,23:49:20,LOW,13.2,20.16,91.0,56.0,2.246,15.27,34.29,90,91,6
1776277161.429005,23:49:21,LOW,13.0,20.22,91.0,57.0,2.209,15.28,33.75,91,91,7
1776277162.6021276,23:49:22,LOW,13.0,21.12,91.0,56.0,2.216,15.27,33.84,91,91,8
1776277163.7036579,23:49:23,LOW,13.7,22.01,92.0,57.0,2.257,15.23,34.38,91,92,9
1776277164.9060323,23:49:24,LOW,13.1,20.08,92.0,57.0,2.252,15.24,34.33,92,92,11
1776277166.0947843,23:49:26,LOW,13.1,20.09,92.0,57.0,2.256,15.24,34.37,92,92,11
1776277167.2670832,23:49:27,LOW,13.1,21.08,92.0,57.0,2.281,15.21,34.70,92,92,11
1776277168.4325137,23:49:28,LOW,13.3,20.24,92.0,57.0,2.330,15.21,35.43,92,92,11
1776277169.6443431,23:49:29,LOW,13.1,20.04,92.0,56.0,2.342,15.17,35.53,92,92,11
1776277170.7610884,23:49:30,LOW,15.2,21.07,92.0,57.0,2.473,15.17,37.51,92,92,11
1776277171.9462316,23:49:31,LOW,13.9,20.19,92.0,57.0,2.388,15.13,36.13,92,92,11
1776277173.1638074,23:49:33,LOW,13.3,21.22,92.0,57.0,2.333,15.17,35.39,92,92,11
1776277174.2699575,23:49:34,LOW,13.2,20.10,92.0,57.0,2.324,15.18,35.27,92,92,11
1776277175.4850097,23:49:35,LOW,13.2,22.04,92.0,56.0,2.332,15.17,35.38,92,92,11
1776277176.6189504,23:49:36,LOW,15.5,27.11,92.0,59.0,2.466,15.17,37.41,92,92,11
1776277177.7341156,23:49:37,LOW,17.8,25.05,92.0,57.0,2.686,14.99,40.26,92,92,11
1776277178.9407575,23:49:38,LOW,18.7,28.21,92.0,57.0,2.759,14.98,41.32,92,92,11
1776277180.1446044,23:49:40,LOW,18.0,28.25,92.0,57.0,2.902,14.94,43.34,92,92,11
1776277181.3510456,23:49:41,LOW,18.5,24.05,92.0,57.0,2.925,14.89,43.56,92,92,11
1776277182.5355034,23:49:42,MED,18.6,49.08,92.0,58.0,2.908,14.91,43.37,92,92,11
1776277183.7025778,23:49:43,MED,32.5,30.22,92.0,56.0,3.903,14.82,57.84,92,92,11
1776277184.905475,23:49:44,MED,29.3,28.05,87.0,55.0,3.721,14.47,53.84,87,87,11
1776277186.035992,23:49:46,MED,33.5,28.10,82.0,55.0,3.743,14.58,54.58,85,82,10
1776277187.231749,23:49:47,MED,25.5,28.04,81.0,56.0,3.859,14.50,55.95,82,81,10
1776277188.4270194,23:49:48,MED,26.0,28.05,80.0,56.0,3.925,14.49,56.89,81,80,10
1776277189.6293192,23:49:49,MED,27.1,27.17,80.0,56.0,4.000,14.43,57.72,80,80,9
1776277190.8416498,23:49:50,MED,25.6,27.17,80.0,56.0,3.992,14.43,57.62,80,80,9
1776277192.0500147,23:49:52,MED,37.9,27.11,80.0,55.0,4.017,14.43,57.95,80,80,9
1776277193.2488172,23:49:53,MED,28.3,27.11,79.0,56.0,3.997,14.41,57.59,79,80,9
1776277194.4462564,23:49:54,MED,25.4,28.08,81.0,57.0,3.999,14.40,57.58,80,81,9
1776277195.642435,23:49:55,MED,25.5,29.16,81.0,58.0,4.019,14.37,57.77,81,81,9
1776277196.836379,23:49:56,MED,25.4,28.25,82.0,58.0,3.933,14.39,56.58,81,82,9
1776277198.0454571,23:49:58,MED,25.5,27.16,82.0,57.0,3.320,14.61,48.50,82,82,10
1776277199.261605,23:49:59,MED,25.4,29.01,83.0,58.0,3.332,14.64,48.78,82,83,10
1776277200.4208004,23:50:00,MED,25.5,28.06,83.0,58.0,3.325,14.64,48.67,83,83,10
1776277201.6186593,23:50:01,MED,25.7,29.16,83.0,58.0,3.330,14.64,48.75,83,83,10
1776277202.792471,23:50:02,MED,26.0,29.20,83.0,58.0,3.352,14.63,49.05,83,83,10
1776277203.9775076,23:50:03,MED,25.5,28.17,83.0,58.0,3.342,14.63,48.90,83,83,10
1776277205.1752703,23:50:05,MED,25.4,27.15,83.0,58.0,3.341,14.63,48.88,83,83,10
1776277206.383502,23:50:06,MED,25.3,28.02,83.0,58.0,3.334,14.63,48.79,83,83,10
1776277207.5901475,23:50:07,MED,26.6,28.14,83.0,58.0,3.206,14.53,46.57,83,83,10
1776277208.688602,23:50:08,MED,25.5,27.21,83.0,59.0,2.970,14.77,43.85,83,83,10
1776277209.8563743,23:50:09,MED,25.6,27.17,84.0,58.0,2.958,14.78,43.71,83,84,10
1776277211.062066,23:50:11,MED,25.5,30.04,84.0,58.0,2.994,14.77,44.22,84,84,10
1776277212.2744942,23:50:12,MED,25.6,27.17,84.0,59.0,2.979,14.77,43.99,84,84,10
1776277213.4944985,23:50:13,HIGH,25.7,48.12,84.0,58.0,2.970,14.77,43.88,84,84,10
1776277214.587684,23:50:14,HIGH,50.9,27.18,83.0,56.0,2.960,14.78,43.75,84,83,10
1776277215.7623837,23:50:15,HIGH,50.5,28.04,83.0,56.0,2.959,14.78,43.73,83,83,10
1776277216.9610174,23:50:16,HIGH,50.5,27.20,83.0,55.0,2.953,14.77,43.63,83,83,10
1776277218.0842867,23:50:18,HIGH,52.6,27.25,83.0,55.0,2.985,14.77,44.10,83,83,10
1776277219.292516,23:50:19,HIGH,51.5,28.11,83.0,56.0,2.988,14.74,44.03,83,83,10
1776277220.4976761,23:50:20,HIGH,50.6,27.20,83.0,55.0,2.958,14.77,43.70,83,83,10
1776277221.6339183,23:50:21,HIGH,50.5,27.20,83.0,55.0,2.948,14.77,43.54,83,83,10
1776277222.7355504,23:50:22,HIGH,50.6,28.09,83.0,56.0,2.974,14.78,43.95,83,83,10
1776277223.8395998,23:50:23,HIGH,50.6,27.16,83.0,55.0,2.966,14.77,43.81,83,83,10
1776277224.949371,23:50:24,HIGH,50.5,27.24,83.0,55.0,2.971,14.78,43.90,83,83,10
1776277226.0490294,23:50:26,HIGH,50.6,27.23,83.0,54.0,3.142,14.72,46.27,83,83,10
1776277227.135723,23:50:27,HIGH,50.5,27.25,83.0,55.0,3.036,14.70,44.63,83,83,10
1776277228.2533057,23:50:28,HIGH,50.7,28.05,83.0,55.0,2.945,14.76,43.48,83,83,10
1776277229.4460545,23:50:29,HIGH,50.5,28.04,83.0,56.0,2.962,14.76,43.73,83,83,10
1776277230.6175022,23:50:30,HIGH,51.0,28.04,83.0,56.0,2.972,14.76,43.88,83,83,10
1776277231.7114851,23:50:31,HIGH,52.9,27.24,83.0,55.0,2.966,14.76,43.79,83,83,10
1776277232.8609836,23:50:32,HIGH,50.6,27.21,83.0,55.0,2.947,14.77,43.52,83,83,10
1776277233.9487562,23:50:33,HIGH,50.6,28.07,83.0,56.0,2.958,14.77,43.67,83,83,10
1776277235.1394506,23:50:35,HIGH,51.0,28.04,83.0,56.0,2.952,14.77,43.59,83,83,10
1776277236.2168393,23:50:36,HIGH,50.5,27.13,83.0,56.0,2.962,14.77,43.75,83,83,10
1776277237.3940303,23:50:37,HIGH,50.6,28.04,83.0,55.0,2.949,14.77,43.56,83,83,10
1776277238.6007175,23:50:38,HIGH,50.6,28.10,83.0,56.0,2.950,14.76,43.54,83,83,10
1776277239.7650235,23:50:39,HIGH,50.4,27.20,83.0,56.0,2.956,14.77,43.65,83,83,10
1776277240.8655765,23:50:40,HIGH,50.7,27.14,83.0,56.0,2.962,14.76,43.72,83,83,10
1776277242.0678844,23:50:42,HIGH,50.5,28.10,83.0,56.0,2.962,14.76,43.72,83,83,10
1776277243.2536323,23:50:43,HIGH,50.3,28.04,83.0,56.0,2.971,14.76,43.86,83,83,10
1776277244.3303916,23:50:44,NO_LOAD,53.5,14.14,83.0,56.0,2.965,14.76,43.76,83,83,10
1776277245.5454628,23:50:45,NO_LOAD,0.6,5.20,80.0,52.0,0.938,15.69,14.71,83,80,10
1776277246.7953763,23:50:46,NO_LOAD,0.6,2.09,74.0,52.0,0.586,15.72,9.21,80,74,9
1776277248.0383248,23:50:48,NO_LOAD,0.7,2.20,70.0,51.0,0.546,15.76,8.60,74,70,9
1776277249.2654426,23:50:49,NO_LOAD,0.6,2.17,67.0,51.0,0.553,15.75,8.71,68,67,8
1776277250.4910922,23:50:50,NO_LOAD,0.5,1.25,64.0,50.0,0.524,15.76,8.26,67,64,8
1776277251.7150893,23:50:51,NO_LOAD,0.5,2.22,61.0,50.0,0.528,15.81,8.35,64,61,7
1776277252.9618726,23:50:52,NO_LOAD,0.5,2.15,59.0,50.0,0.546,15.81,8.63,61,59,7
1776277254.2161567,23:50:54,NO_LOAD,0.5,1.25,58.0,50.0,0.533,15.82,8.43,59,58,6
1776277255.4469516,23:50:55,NO_LOAD,0.6,1.24,56.0,49.0,0.524,15.82,8.29,57,56,6
1776277256.6812232,23:50:56,NO_LOAD,0.6,3.11,55.0,49.0,0.491,15.81,7.76,56,55,5
1776277257.9104426,23:50:57,NO_LOAD,0.5,2.23,54.0,49.0,0.481,15.85,7.62,55,54,5
1776277259.1042373,23:50:59,NO_LOAD,0.6,2.17,53.0,49.0,0.545,15.84,8.63,54,53,5
1776277260.3506596,23:51:00,NO_LOAD,0.6,2.01,52.0,49.0,0.525,15.87,8.33,53,52,5
1776277261.5861866,23:51:01,NO_LOAD,0.6,1.25,51.0,48.0,0.506,15.87,8.03,51,51,4
1776277262.8173923,23:51:02,NO_LOAD,0.7,1.23,51.0,48.0,0.497,15.87,7.89,51,51,4
1776277263.971062,23:51:03,NO_LOAD,0.7,1.23,50.0,49.0,0.511,15.87,8.11,51,50,4
1776277265.199361,23:51:05,NO_LOAD,0.6,1.22,50.0,48.0,0.511,15.87,8.11,50,50,4
1776277266.4312296,23:51:06,NO_LOAD,0.6,2.19,50.0,48.0,0.514,15.89,8.17,50,50,4
1776277267.6729665,23:51:07,NO_LOAD,0.6,1.24,49.0,48.0,0.522,15.88,8.29,50,49,4
1776277268.901289,23:51:08,NO_LOAD,0.6,1.22,49.0,48.0,0.504,15.90,8.02,49,49,4
1776277270.132231,23:51:10,NO_LOAD,0.6,1.21,49.0,48.0,0.519,15.87,8.24,49,49,4
1776277271.3615072,23:51:11,NO_LOAD,0.6,2.03,49.0,48.0,0.485,15.88,7.70,49,49,4
1776277272.6053724,23:51:12,NO_LOAD,0.6,1.21,48.0,47.0,0.503,15.92,8.01,49,48,4
1776277273.8533733,23:51:13,NO_LOAD,0.8,1.20,48.0,48.0,0.520,15.91,8.27,48,48,3
1776277275.0876515,23:51:15,LOW,0.6,6.01,48.0,47.0,0.499,15.91,7.94,48,48,3
1776277276.214907,23:51:16,LOW,13.2,4.16,51.0,49.0,0.755,15.81,11.94,48,51,3
1776277277.3240879,23:51:17,LOW,13.2,4.19,52.0,49.0,0.805,15.80,12.72,51,52,3
1776277278.45397,23:51:18,LOW,13.1,21.15,63.0,56.0,1.340,15.79,21.16,52,63,3
1776277279.5647264,23:51:19,LOW,13.1,23.11,80.0,56.0,2.259,15.20,34.33,63,80,3
1776277280.7654667,23:51:20,LOW,13.0,21.18,87.0,57.0,2.229,15.20,33.89,80,87,4
1776277281.892392,23:51:21,LOW,13.2,24.11,89.0,57.0,2.239,15.16,33.95,87,89,5
1776277283.049161,23:51:23,LOW,13.1,20.20,91.0,57.0,2.270,15.16,34.41,89,91,6
1776277284.2050235,23:51:24,LOW,13.2,20.11,91.0,57.0,2.237,15.16,33.91,91,91,7
1776277285.3411958,23:51:25,LOW,13.0,20.10,91.0,57.0,2.247,15.16,34.07,91,91,8
1776277286.5816402,23:51:26,LOW,13.2,22.14,91.0,57.0,2.261,15.16,34.29,91,91,9
1776277287.7060573,23:51:27,LOW,13.1,21.24,92.0,57.0,2.265,15.15,34.31,91,92,10
1776277288.8020525,23:51:28,LOW,13.3,21.09,92.0,56.0,2.310,15.14,34.98,92,92,11
1776277290.002295,23:51:30,LOW,13.1,20.17,92.0,57.0,2.314,15.13,35.01,92,92,11
1776277291.211944,23:51:31,LOW,13.1,20.18,92.0,57.0,2.339,15.11,35.35,92,92,11
1776277292.4209619,23:51:32,LOW,13.7,20.15,92.0,58.0,2.336,15.10,35.27,92,92,11
1776277293.6278574,23:51:33,LOW,13.1,20.02,92.0,58.0,2.327,15.10,35.14,92,92,11
1776277294.8620572,23:51:34,LOW,13.2,21.12,92.0,57.0,2.351,15.09,35.47,92,92,11
1776277296.0825346,23:51:36,LOW,13.1,21.21,92.0,58.0,2.349,15.10,35.48,92,92,11
1776277297.1849246,23:51:37,LOW,13.3,20.11,92.0,58.0,2.349,15.10,35.47,92,92,11
1776277298.3206954,23:51:38,LOW,13.2,22.07,92.0,57.0,2.327,15.10,35.14,92,92,11
1776277299.4438946,23:51:39,LOW,13.1,22.08,92.0,57.0,2.338,15.09,35.28,92,92,11
1776277300.5268888,23:51:40,LOW,13.2,19.17,92.0,57.0,2.349,15.09,35.44,92,92,11
1776277301.6600637,23:51:41,LOW,13.0,21.07,92.0,57.0,2.347,15.09,35.40,92,92,11
1776277302.8524349,23:51:42,LOW,13.2,21.01,92.0,57.0,2.350,15.07,35.43,92,92,11
1776277303.9457562,23:51:43,LOW,14.8,21.13,92.0,58.0,2.466,15.08,37.19,92,92,11
1776277305.1631582,23:51:45,MED,13.0,52.00,92.0,57.0,2.322,15.09,35.03,92,92,11
1776277306.3347745,23:51:46,MED,25.4,36.09,92.0,59.0,3.828,14.55,55.71,92,92,11
1776277307.5578806,23:51:47,MED,25.5,36.21,92.0,58.0,3.791,14.51,55.01,92,92,11
1776277308.7881145,23:51:48,MED,25.5,28.06,92.0,56.0,3.474,14.51,50.39,92,92,11
1776277310.0018523,23:51:50,MED,25.5,27.15,86.0,56.0,3.043,14.74,44.85,89,86,11
1776277311.2113388,23:51:51,MED,25.5,28.07,85.0,57.0,3.009,14.78,44.46,86,85,10
1776277312.4209943,23:51:52,MED,25.5,28.06,83.0,57.0,2.997,14.79,44.31,85,83,10
1776277313.6300669,23:51:53,MED,25.5,29.03,83.0,57.0,2.984,14.77,44.06,83,83,10
1776277314.8483477,23:51:54,MED,25.5,28.07,82.0,57.0,2.974,14.79,43.97,83,82,10
1776277316.0148664,23:51:56,MED,25.7,27.24,82.0,57.0,2.990,14.76,44.14,82,82,10
1776277317.2151463,23:51:57,MED,25.5,28.09,82.0,57.0,2.966,14.78,43.85,82,82,10
1776277318.4121783,23:51:58,MED,25.4,29.09,82.0,57.0,2.983,14.78,44.08,82,82,10
1776277319.624281,23:51:59,MED,25.5,29.13,82.0,57.0,2.971,14.77,43.89,82,82,10
1776277320.8371356,23:52:00,MED,25.5,27.08,82.0,57.0,2.970,14.77,43.87,82,82,10
1776277322.0532987,23:52:02,MED,25.5,29.12,82.0,57.0,2.967,14.77,43.82,82,82,10
1776277323.2876968,23:52:03,MED,25.7,27.23,82.0,58.0,2.972,14.76,43.87,82,82,10
1776277324.5063994,23:52:04,MED,25.5,28.13,83.0,58.0,2.978,14.75,43.93,82,83,10
1776277325.6604726,23:52:05,MED,25.4,27.22,83.0,57.0,2.982,14.76,44.01,83,83,10
1776277326.8728669,23:52:06,MED,25.6,29.03,83.0,58.0,2.985,14.76,44.05,83,83,10
1776277328.0724216,23:52:08,MED,25.6,28.07,83.0,57.0,2.984,14.75,44.02,83,83,10
1776277329.2888892,23:52:09,MED,25.5,27.24,83.0,58.0,2.976,14.76,43.91,83,83,10
1776277330.3952317,23:52:10,MED,25.5,28.06,83.0,58.0,2.972,14.75,43.85,83,83,10
1776277331.586686,23:52:11,MED,25.5,29.07,83.0,58.0,2.967,14.75,43.75,83,83,10
1776277332.696499,23:52:12,MED,25.5,28.15,83.0,58.0,2.972,14.75,43.83,83,83,10
1776277333.9325445,23:52:13,MED,25.7,29.12,83.0,58.0,2.969,14.74,43.76,83,83,10
1776277335.1423352,23:52:15,MED,25.5,29.19,83.0,58.0,2.973,14.74,43.83,83,83,10
1776277336.3233078,23:52:16,HIGH,25.6,49.23,83.0,58.0,2.982,14.75,43.97,83,83,10
1776277337.4378653,23:52:17,HIGH,50.5,27.11,82.0,55.0,2.977,14.70,43.77,83,82,10
1776277338.5544932,23:52:18,HIGH,50.4,27.23,82.0,55.0,2.968,14.74,43.74,82,82,10
1776277339.7575352,23:52:19,HIGH,50.5,28.03,82.0,55.0,2.965,14.73,43.69,82,82,10
1776277340.9424272,23:52:20,HIGH,50.5,27.15,82.0,55.0,2.945,14.74,43.42,82,82,10
1776277342.1591754,23:52:22,HIGH,50.5,28.05,82.0,55.0,2.949,14.74,43.48,82,82,10
1776277343.36396,23:52:23,HIGH,50.5,27.23,83.0,55.0,2.961,14.73,43.62,82,83,10
1776277344.5678384,23:52:24,HIGH,50.5,27.15,83.0,55.0,2.951,14.74,43.50,83,83,10
1776277345.7545526,23:52:25,HIGH,50.6,27.23,83.0,55.0,2.953,14.74,43.53,83,83,10
1776277346.8932428,23:52:26,HIGH,50.4,27.19,83.0,55.0,2.951,14.74,43.50,83,83,10
1776277347.9947786,23:52:27,HIGH,50.5,27.13,83.0,55.0,2.957,14.74,43.58,83,83,10
1776277349.200661,23:52:29,HIGH,50.7,28.04,83.0,55.0,2.980,14.72,43.87,83,83,10
1776277350.3389885,23:52:30,HIGH,50.6,27.15,83.0,55.0,2.971,14.72,43.73,83,83,10
1776277351.4172764,23:52:31,HIGH,51.3,27.23,83.0,55.0,2.968,14.72,43.69,83,83,10
1776277352.5602534,23:52:32,HIGH,51.0,27.16,83.0,55.0,2.954,14.72,43.50,83,83,10
1776277353.6735275,23:52:33,HIGH,50.5,27.18,83.0,55.0,2.954,14.72,43.49,83,83,10
1776277354.847737,23:52:34,HIGH,50.5,28.04,83.0,55.0,2.970,14.72,43.72,83,83,10
1776277356.057875,23:52:36,HIGH,50.5,28.04,83.0,55.0,2.957,14.71,43.51,83,83,10
1776277357.2422252,23:52:37,HIGH,50.6,27.14,83.0,55.0,2.955,14.71,43.48,83,83,10
1776277358.3239636,23:52:38,HIGH,50.6,28.03,83.0,55.0,2.959,14.72,43.55,83,83,10
1776277359.5248334,23:52:39,HIGH,50.5,28.02,83.0,55.0,2.975,14.71,43.78,83,83,10
1776277360.6442416,23:52:40,HIGH,50.5,28.07,83.0,55.0,2.975,14.71,43.77,83,83,10
1776277361.8454945,23:52:41,HIGH,50.6,28.04,83.0,56.0,2.976,14.70,43.76,83,83,10
1776277362.98188,23:52:42,HIGH,50.6,28.04,83.0,56.0,2.981,14.71,43.84,83,83,10
1776277364.0672066,23:52:44,HIGH,53.4,27.20,83.0,55.0,2.977,14.71,43.79,83,83,10
1776277365.1795316,23:52:45,HIGH,50.5,28.04,83.0,55.0,2.972,14.71,43.71,83,83,10
1776277366.2624483,23:52:46,HIGH,50.5,27.08,83.0,55.0,2.964,14.70,43.58,83,83,10
1776277367.4720259,23:52:47,NO_LOAD,50.5,27.20,83.0,55.0,2.961,14.71,43.55,83,83,10
1776277368.7092772,23:52:48,NO_LOAD,0.6,2.22,79.0,52.0,0.663,15.59,10.33,83,79,10
1776277369.9306948,23:52:49,NO_LOAD,0.6,1.21,73.0,51.0,0.559,15.63,8.74,73,72,9
1776277371.1651144,23:52:51,NO_LOAD,0.5,1.23,69.0,51.0,0.529,15.64,8.28,72,69,9
1776277372.396675,23:52:52,NO_LOAD,0.6,1.24,66.0,50.0,0.541,15.65,8.47,69,66,9
1776277373.6341972,23:52:53,NO_LOAD,0.5,1.25,64.0,50.0,0.563,15.68,8.83,66,64,8
1776277374.8812075,23:52:54,NO_LOAD,0.7,3.05,62.0,50.0,0.546,15.71,8.58,64,62,7
1776277376.1113853,23:52:56,NO_LOAD,0.6,1.25,61.0,49.0,0.564,15.71,8.86,61,58,7
1776277377.3415263,23:52:57,NO_LOAD,0.6,2.06,56.0,49.0,0.547,15.71,8.59,58,56,6
1776277378.5666075,23:52:58,NO_LOAD,0.5,2.21,55.0,49.0,0.508,15.74,7.99,56,55,5
1776277379.798775,23:52:59,NO_LOAD,0.5,2.16,54.0,49.0,0.514,15.73,8.08,55,54,5
1776277381.04421,23:53:01,NO_LOAD,0.7,1.25,53.0,49.0,0.495,15.77,7.80,54,53,5
1776277382.2778375,23:53:02,NO_LOAD,0.6,2.14,53.0,49.0,0.487,15.76,7.68,53,52,5
1776277383.5127935,23:53:03,NO_LOAD,0.6,1.24,52.0,48.0,0.482,15.78,7.60,52,52,4
1776277384.7441638,23:53:04,NO_LOAD,0.6,2.02,51.0,48.0,0.502,15.74,7.90,52,51,4
1776277385.9671917,23:53:05,NO_LOAD,0.7,2.14,51.0,48.0,0.520,15.76,8.19,51,51,4
1776277387.2101219,23:53:07,NO_LOAD,0.5,2.01,51.0,48.0,0.512,15.76,8.07,51,51,4
1776277388.4507802,23:53:08,NO_LOAD,0.7,2.02,50.0,48.0,0.515,15.79,8.13,51,50,4
1776277389.6757839,23:53:09,NO_LOAD,0.5,3.05,50.0,48.0,0.481,15.82,7.61,50,50,4
1776277390.9040456,23:53:10,NO_LOAD,0.6,3.03,50.0,48.0,0.503,15.80,7.95,50,50,4
1776277392.134933,23:53:12,NO_LOAD,0.5,1.24,50.0,48.0,0.488,15.78,7.70,50,50,4
1776277393.3815715,23:53:13,NO_LOAD,1.0,1.22,49.0,48.0,0.524,15.81,8.29,50,49,4
1776277394.6368332,23:53:14,NO_LOAD,0.9,2.06,49.0,48.0,0.498,15.80,7.87,49,49,4
1776277395.874117,23:53:15,NO_LOAD,0.5,2.00,49.0,47.0,0.475,15.82,7.51,49,49,4
1776277397.0955777,23:53:17,NO_LOAD,0.6,1.25,49.0,47.0,0.487,15.82,7.70,49,49,4
1776277398.326853,23:53:18,LOW,0.7,6.08,48.0,48.0,0.516,15.80,8.16,49,48,4
1776277399.5585594,23:53:19,LOW,13.2,4.15,50.0,48.0,0.804,15.74,12.66,48,50,3
1776277400.788985,23:53:20,LOW,13.3,5.00,52.0,48.0,0.777,15.71,12.21,50,52,3
1776277401.9292705,23:53:21,LOW,13.2,23.17,55.0,57.0,2.191,15.15,33.20,52,55,3
1776277403.1461172,23:53:23,LOW,13.1,22.21,85.0,57.0,2.260,15.13,34.19,76,85,4
1776277404.3618176,23:53:24,LOW,13.2,21.24,89.0,57.0,2.249,15.13,34.04,85,89,5
1776277405.4894948,23:53:25,LOW,13.2,21.03,90.0,56.0,2.239,15.12,33.86,89,90,6
1776277406.5777676,23:53:26,LOW,13.3,20.24,91.0,57.0,2.243,15.12,33.90,90,91,7
1776277407.7944796,23:53:27,LOW,13.2,20.01,91.0,57.0,2.253,15.10,34.02,91,91,8
1776277408.9036174,23:53:28,LOW,13.3,20.10,91.0,57.0,2.281,15.08,34.40,91,91,9
1776277410.0057223,23:53:30,LOW,13.2,22.08,92.0,57.0,2.304,15.08,34.75,91,92,10
1776277411.2205074,23:53:31,LOW,13.1,21.02,92.0,57.0,2.316,15.06,34.88,92,92,11
1776277412.3911605,23:53:32,LOW,13.7,20.10,92.0,58.0,2.370,15.05,35.66,92,92,11
1776277413.537221,23:53:33,LOW,13.1,20.22,92.0,57.0,2.329,15.07,35.09,92,92,11
1776277414.7129428,23:53:34,LOW,13.0,20.01,92.0,58.0,2.352,15.05,35.40,92,92,11
1776277415.870348,23:53:35,LOW,13.1,21.22,92.0,57.0,2.342,15.05,35.24,92,92,11
1776277417.0550723,23:53:37,LOW,13.2,22.00,92.0,57.0,2.325,15.05,34.99,92,92,11
1776277418.2558944,23:53:38,LOW,13.0,19.15,92.0,57.0,2.328,15.04,35.02,92,92,11
1776277419.4145746,23:53:39,LOW,13.1,21.01,92.0,57.0,2.334,15.03,35.09,92,92,11
1776277420.4919853,23:53:40,LOW,13.1,22.21,92.0,57.0,2.353,15.02,35.35,92,92,11
1776277421.7224944,23:53:41,LOW,13.0,20.23,92.0,57.0,2.365,15.02,35.52,92,92,11
1776277422.9285219,23:53:42,LOW,13.0,21.15,92.0,57.0,2.364,14.99,35.45,92,92,11
1776277424.1447957,23:53:44,LOW,14.5,22.11,92.0,58.0,2.480,15.02,37.25,92,92,11
1776277425.2399411,23:53:45,LOW,13.0,20.00,92.0,57.0,2.324,15.01,34.89,92,92,11
1776277426.3342881,23:53:46,LOW,13.2,21.14,92.0,57.0,2.356,15.02,35.39,92,92,11
1776277427.5470483,23:53:47,LOW,13.0,22.05,92.0,57.0,2.359,15.01,35.40,92,92,11
1776277428.7446973,23:53:48,MED,13.2,57.08,92.0,57.0,2.350,15.02,35.30,92,92,11
1776277429.931175,23:53:49,MED,25.7,36.09,92.0,58.0,3.781,14.50,54.82,92,92,11
1776277431.150337,23:53:51,MED,25.5,35.08,92.0,58.0,3.745,14.47,54.20,92,92,11
1776277432.343154,23:53:52,MED,25.5,28.09,92.0,57.0,3.511,14.48,50.83,92,92,11
1776277433.562211,23:53:53,MED,25.4,27.24,89.0,56.0,3.052,14.70,44.86,89,87,11
1776277434.6872904,23:53:54,MED,25.6,27.25,87.0,56.0,3.024,14.72,44.52,87,85,11
1776277435.8988066,23:53:55,MED,25.5,27.13,84.0,57.0,3.029,14.71,44.56,85,84,10
1776277437.0121448,23:53:57,MED,25.6,27.24,83.0,57.0,2.974,14.72,43.77,84,83,10
1776277438.1630518,23:53:58,MED,25.5,28.20,82.0,57.0,2.964,14.73,43.67,83,82,10
1776277439.2764244,23:53:59,MED,25.5,29.04,82.0,57.0,2.953,14.73,43.51,82,82,10
1776277440.3629117,23:54:00,MED,25.6,27.11,82.0,57.0,2.961,14.72,43.60,82,82,10
1776277441.464547,23:54:01,MED,25.6,27.19,82.0,57.0,2.965,14.72,43.64,82,82,10
1776277442.621363,23:54:02,MED,25.5,28.24,82.0,57.0,2.976,14.71,43.79,82,82,10
1776277443.835777,23:54:03,MED,25.5,28.20,82.0,57.0,2.964,14.72,43.62,82,82,10
1776277444.9841368,23:54:04,MED,25.5,29.03,82.0,57.0,2.978,14.71,43.80,82,82,10
1776277446.119861,23:54:06,MED,25.6,27.15,82.0,57.0,2.988,14.70,43.93,82,82,10
1776277447.329432,23:54:07,MED,25.5,27.25,82.0,57.0,2.999,14.70,44.08,82,82,10
1776277448.4657638,23:54:08,MED,25.6,27.22,83.0,58.0,2.997,14.69,44.02,83,83,10
1776277449.6690557,23:54:09,MED,25.5,28.23,83.0,57.0,2.978,14.71,43.80,83,83,10
1776277450.8193471,23:54:10,MED,25.5,27.14,83.0,57.0,2.988,14.70,43.91,83,83,10
1776277452.0011528,23:54:11,MED,25.5,28.20,83.0,57.0,2.978,14.68,43.72,83,83,10
1776277453.1344953,23:54:13,MED,25.6,29.11,83.0,57.0,2.980,14.69,43.78,83,83,10
1776277454.3507621,23:54:14,MED,25.7,29.11,83.0,58.0,2.978,14.69,43.75,83,83,10
1776277455.5695481,23:54:15,MED,25.4,27.08,83.0,58.0,2.987,14.68,43.85,83,83,10
1776277456.782177,23:54:16,MED,25.5,28.14,83.0,58.0,2.975,14.68,43.68,83,83,10
1776277457.9950461,23:54:17,MED,25.5,29.20,83.0,58.0,3.009,14.68,44.16,83,83,10
1776277459.214659,23:54:19,HIGH,25.6,47.22,83.0,57.0,3.007,14.67,44.11,83,83,10
1776277460.2984865,23:54:20,HIGH,50.6,27.24,83.0,55.0,2.991,14.63,43.75,83,83,10
1776277461.502067,23:54:21,HIGH,50.5,28.03,82.0,54.0,2.950,14.69,43.33,83,82,10
1776277462.6254869,23:54:22,HIGH,50.5,28.02,82.0,55.0,2.947,14.69,43.28,82,82,10
1776277463.71875,23:54:23,HIGH,50.5,28.03,82.0,55.0,2.954,14.68,43.37,82,82,10
1776277464.8940496,23:54:24,HIGH,50.5,28.05,82.0,55.0,2.949,14.68,43.30,82,82,10
1776277466.0396993,23:54:26,HIGH,50.6,27.22,82.0,55.0,2.961,14.67,43.45,82,82,10
1776277467.163564,23:54:27,HIGH,50.5,27.18,82.0,55.0,2.960,14.68,43.45,82,82,10
1776277468.3595362,23:54:28,HIGH,50.7,27.19,82.0,55.0,2.955,14.68,43.37,82,82,10
1776277469.4386704,23:54:29,HIGH,50.6,27.20,82.0,55.0,2.964,14.67,43.49,82,82,10
1776277470.5604682,23:54:30,HIGH,50.6,28.04,82.0,55.0,2.980,14.67,43.71,82,82,10
1776277471.7654727,23:54:31,HIGH,51.5,28.04,82.0,55.0,2.996,14.64,43.87,82,82,10
1776277472.861509,23:54:32,HIGH,50.9,26.12,82.0,55.0,2.966,14.66,43.49,82,82,10
1776277474.0646548,23:54:34,HIGH,50.5,28.03,82.0,55.0,2.964,14.67,43.48,82,82,10
1776277475.1877906,23:54:35,HIGH,50.7,29.00,82.0,55.0,2.964,14.67,43.47,82,82,10
1776277476.2844517,23:54:36,HIGH,50.5,27.24,82.0,55.0,2.956,14.66,43.33,82,82,10
1776277477.3699958,23:54:37,HIGH,50.7,28.03,82.0,55.0,2.982,14.66,43.73,82,82,10
1776277478.4578018,23:54:38,HIGH,50.8,27.23,82.0,55.0,2.966,14.66,43.49,82,82,10
1776277479.546768,23:54:39,HIGH,51.9,27.24,82.0,55.0,2.992,14.65,43.83,82,82,10
1776277480.696776,23:54:40,HIGH,50.5,27.23,83.0,55.0,2.978,14.64,43.61,82,83,10
1776277481.8997023,23:54:41,HIGH,50.7,28.02,83.0,56.0,2.961,14.64,43.36,83,83,10
1776277483.116825,23:54:43,HIGH,50.8,27.20,83.0,56.0,2.960,14.66,43.39,83,83,10
1776277484.1939065,23:54:44,HIGH,53.1,27.24,83.0,56.0,2.974,14.64,43.53,83,83,10
1776277485.29028,23:54:45,HIGH,50.5,27.23,83.0,56.0,2.974,14.65,43.57,83,83,10
1776277486.4090528,23:54:46,HIGH,50.4,27.23,83.0,56.0,2.973,14.64,43.52,83,83,10
1776277487.5253425,23:54:47,HIGH,50.5,28.04,83.0,55.0,2.966,14.65,43.44,83,83,10
1776277488.7240436,23:54:48,HIGH,50.5,27.25,83.0,56.0,2.973,14.64,43.53,83,83,10
1776277489.81391,23:54:49,NO_LOAD,50.6,16.13,83.0,56.0,2.978,14.64,43.61,83,83,10
1776277491.0287197,23:54:51,NO_LOAD,0.7,7.19,79.0,52.0,0.712,15.41,10.97,83,79,10
1776277492.2511554,23:54:52,NO_LOAD,4.8,2.04,71.0,52.0,0.856,15.41,13.19,79,71,9
1776277493.43999,23:54:53,NO_LOAD,3.9,3.09,64.0,51.0,0.743,15.49,11.51,71,64,9
1776277494.6645856,23:54:54,NO_LOAD,4.7,2.25,61.0,50.0,1.293,15.51,20.06,64,61,8
1776277495.8755565,23:54:55,NO_LOAD,7.7,5.13,58.0,55.0,1.497,15.26,22.84,61,58,7
1776277497.089091,23:54:57,NO_LOAD,16.3,2.21,61.0,52.0,3.842,14.34,55.10,61,61,6
1776277498.2721093,23:54:58,NO_LOAD,0.4,3.00,62.0,51.0,1.546,15.20,23.49,68,62,7
1776277499.4844723,23:54:59,NO_LOAD,0.5,3.13,61.0,50.0,1.487,15.22,22.64,62,61,7
1776277500.6283402,23:55:00,NO_LOAD,0.5,3.04,59.0,51.0,1.493,15.22,22.72,61,59,7
1776277501.8401968,23:55:01,NO_LOAD,0.6,3.09,58.0,51.0,1.490,15.20,22.65,59,58,6
1776277502.9491947,23:55:02,NO_LOAD,2.4,3.09,57.0,51.0,1.591,15.15,24.10,58,57,6
1776277504.0904827,23:55:04,NO_LOAD,8.4,5.16,56.0,51.0,1.721,15.18,26.13,57,56,6
1776277505.315798,23:55:05,NO_LOAD,6.9,3.10,55.0,50.0,1.708,15.12,25.82,56,55,5
1776277506.5276492,23:55:06,NO_LOAD,2.7,4.01,54.0,51.0,1.538,15.23,23.43,54,54,5
1776277507.7135453,23:55:07,NO_LOAD,2.6,3.07,54.0,50.0,0.951,15.50,14.74,54,54,5
1776277508.9215984,23:55:08,NO_LOAD,0.5,2.18,53.0,49.0,0.847,15.49,13.12,54,53,5
1776277510.1404462,23:55:10,NO_LOAD,0.4,3.04,53.0,50.0,0.833,15.51,12.92,53,53,5
1776277511.3662922,23:55:11,NO_LOAD,0.6,2.08,52.0,50.0,0.846,15.49,13.11,53,52,5
1776277512.4446917,23:55:12,NO_LOAD,0.6,2.25,52.0,49.0,0.866,15.51,13.43,52,52,4
1776277513.6802175,23:55:13,NO_LOAD,0.7,3.10,51.0,49.0,0.848,15.51,13.16,52,51,4
1776277514.8793359,23:55:14,NO_LOAD,0.9,3.07,51.0,50.0,0.846,15.53,13.14,51,51,4
1776277516.086274,23:55:16,NO_LOAD,0.4,2.09,51.0,49.0,0.883,15.52,13.71,51,51,4
1776277517.2905436,23:55:17,NO_LOAD,1.9,2.17,50.0,49.0,0.819,15.56,12.74,51,50,4
1776277518.5271554,23:55:18,NO_LOAD,0.5,1.23,50.0,49.0,0.497,15.66,7.79,50,50,4
1776277519.7760324,23:55:19,NO_LOAD,0.7,1.22,50.0,49.0,0.517,15.65,8.09,50,50,4
1776277521.0210702,23:55:21,LOW,0.5,7.06,50.0,49.0,0.497,15.69,7.80,50,50,4
1776277522.242143,23:55:22,LOW,13.2,4.16,53.0,50.0,0.792,15.58,12.34,50,53,4
1776277523.4645607,23:55:23,LOW,13.1,4.19,54.0,50.0,0.804,15.57,12.52,53,54,4
1776277524.6519494,23:55:24,LOW,13.2,20.02,69.0,57.0,1.912,15.07,28.82,54,69,5
1776277525.7885075,23:55:25,LOW,13.4,20.07,82.0,58.0,2.254,15.02,33.84,69,82,6
1776277526.999755,23:55:26,LOW,13.2,21.16,88.0,58.0,2.227,14.99,33.38,82,88,7
1776277528.2214208,23:55:28,LOW,13.0,21.25,90.0,58.0,2.224,15.01,33.38,88,90,8
1776277529.3841898,23:55:29,LOW,13.2,21.11,91.0,57.0,2.254,14.98,33.77,90,91,9
1776277530.6033425,23:55:30,LOW,12.9,22.25,91.0,58.0,2.221,15.01,33.34,91,91,11
1776277531.7931097,23:55:31,LOW,13.7,19.21,92.0,58.0,2.289,14.97,34.27,91,92,11
1776277532.9139736,23:55:32,LOW,13.2,20.05,92.0,59.0,2.288,14.98,34.27,92,92,11
1776277533.9981034,23:55:33,LOW,13.0,19.13,92.0,58.0,2.272,14.98,34.03,92,92,11
1776277535.1553245,23:55:35,LOW,13.3,21.13,92.0,58.0,2.303,14.96,34.46,92,92,11
1776277536.237918,23:55:36,LOW,13.1,21.03,92.0,57.0,2.302,14.96,34.45,92,92,11
1776277537.452488,23:55:37,LOW,13.0,20.03,92.0,58.0,2.297,14.96,34.36,92,92,11
1776277538.6797845,23:55:38,LOW,13.0,21.23,92.0,58.0,2.304,14.95,34.45,92,92,11
1776277539.864961,23:55:39,LOW,13.1,19.12,92.0,58.0,2.297,14.93,34.30,92,92,11
1776277541.05242,23:55:41,LOW,13.0,21.11,92.0,58.0,2.308,14.94,34.49,92,92,11
1776277542.2707882,23:55:42,LOW,13.1,19.12,92.0,58.0,2.319,14.93,34.62,92,92,11
1776277543.4477787,23:55:43,LOW,13.0,22.07,92.0,59.0,2.312,14.94,34.55,92,92,11
1776277544.6630902,23:55:44,LOW,14.5,19.14,92.0,58.0,2.396,14.90,35.71,92,92,11
1776277545.8152254,23:55:45,LOW,13.0,19.21,92.0,58.0,2.294,14.95,34.28,92,92,11
1776277547.051931,23:55:47,LOW,13.1,20.05,92.0,58.0,2.299,14.95,34.36,92,92,11
1776277548.2768316,23:55:48,LOW,13.0,21.11,92.0,58.0,2.294,14.94,34.26,92,92,11
1776277549.4811237,23:55:49,LOW,12.9,20.01,92.0,58.0,2.292,14.93,34.21,92,92,11
1776277550.6890488,23:55:50,LOW,13.2,21.16,92.0,58.0,2.326,14.93,34.73,92,92,11
1776277551.820087,23:55:51,MED,13.3,47.21,92.0,58.0,2.309,14.93,34.48,92,92,11
1776277553.0297074,23:55:53,MED,25.4,35.08,92.0,58.0,3.779,14.41,54.47,92,92,11
1776277554.2400994,23:55:54,MED,25.4,36.06,92.0,59.0,3.745,14.40,53.94,92,92,11
1776277555.3801627,23:55:55,MED,25.6,30.00,92.0,58.0,3.737,14.38,53.75,92,92,11
1776277556.6087637,23:55:56,MED,25.4,29.14,90.0,58.0,3.101,14.59,45.23,92,90,11
1776277557.722185,23:55:57,MED,25.4,28.08,87.0,57.0,3.055,14.60,44.61,90,87,11
1776277558.9330015,23:55:58,MED,25.5,27.03,86.0,57.0,3.030,14.62,44.30,86,86,10
1776277560.0144079,23:56:00,MED,25.6,27.08,85.0,57.0,3.034,14.62,44.35,85,84,10
1776277561.2340696,23:56:01,MED,25.4,29.15,84.0,58.0,3.006,14.62,43.96,84,84,10
1776277562.4405801,23:56:02,MED,26.2,28.05,83.0,58.0,3.003,14.62,43.91,84,83,10
1776277563.6509578,23:56:03,MED,25.6,28.08,83.0,58.0,3.011,14.62,44.03,83,83,10
1776277564.7725208,23:56:04,MED,25.4,28.24,83.0,58.0,2.999,14.62,43.84,83,83,10
1776277565.9950562,23:56:05,MED,25.4,27.11,83.0,58.0,3.011,14.62,44.02,83,83,10
1776277567.134215,23:56:07,MED,25.4,28.09,83.0,58.0,3.011,14.62,44.01,83,83,10
1776277568.3372474,23:56:08,MED,25.4,29.14,83.0,59.0,3.010,14.61,43.97,83,83,10
1776277569.5093307,23:56:09,MED,25.5,28.09,83.0,58.0,3.015,14.61,44.05,83,83,10
1776277570.5978699,23:56:10,MED,25.6,29.13,83.0,58.0,3.016,14.60,44.03,83,83,10
1776277571.8107052,23:56:11,MED,25.4,28.16,84.0,58.0,3.017,14.58,43.99,83,84,10
1776277572.9355056,23:56:12,MED,25.6,27.08,84.0,58.0,3.009,14.60,43.92,84,84,10
1776277574.142327,23:56:14,MED,25.6,29.21,84.0,59.0,3.005,14.60,43.86,84,84,10
1776277575.3517938,23:56:15,MED,25.5,27.21,84.0,58.0,3.010,14.60,43.95,84,84,10
1776277576.5794568,23:56:16,MED,25.4,28.17,84.0,59.0,3.008,14.59,43.89,84,84,10
1776277577.721939,23:56:17,MED,25.5,27.19,84.0,59.0,3.028,14.59,44.17,84,84,10
1776277578.8896863,23:56:18,MED,25.5,27.17,84.0,59.0,3.023,14.58,44.09,84,84,10
1776277579.978008,23:56:19,MED,25.5,28.04,84.0,58.0,3.023,14.58,44.08,84,84,10
1776277581.1853447,23:56:21,MED,25.5,27.14,84.0,58.0,3.010,14.59,43.90,84,84,10
1776277582.4042807,23:56:22,HIGH,25.5,49.23,84.0,59.0,3.020,14.58,44.03,84,84,10
1776277583.546758,23:56:23,HIGH,50.6,27.09,83.0,55.0,2.996,14.56,43.64,84,83,10
1776277584.6315556,23:56:24,HIGH,50.5,27.16,83.0,55.0,2.985,14.59,43.55,83,83,10
1776277585.7274737,23:56:25,HIGH,50.5,27.20,83.0,55.0,2.994,14.59,43.68,83,83,10
1776277586.8354468,23:56:26,HIGH,50.5,28.09,83.0,55.0,2.989,14.59,43.60,83,83,10
1776277587.9513197,23:56:27,HIGH,50.5,27.19,83.0,55.0,2.990,14.58,43.59,83,83,10
1776277589.151114,23:56:29,HIGH,50.6,27.21,83.0,56.0,2.991,14.58,43.61,83,83,10
1776277590.361109,23:56:30,HIGH,50.4,27.20,83.0,55.0,3.001,14.58,43.75,83,83,10
1776277591.5792663,23:56:31,HIGH,51.2,28.04,83.0,56.0,3.003,14.57,43.76,83,83,10
1776277592.782338,23:56:32,HIGH,50.9,27.10,83.0,56.0,3.006,14.57,43.79,83,83,10
1776277593.8924785,23:56:33,HIGH,50.5,27.14,83.0,56.0,3.001,14.57,43.73,83,83,10
1776277595.0946953,23:56:35,HIGH,50.7,28.05,83.0,56.0,2.993,14.57,43.60,83,83,10
1776277596.2141004,23:56:36,HIGH,50.4,27.19,83.0,56.0,3.008,14.57,43.82,83,83,10
1776277597.404101,23:56:37,HIGH,50.6,28.05,83.0,56.0,2.997,14.57,43.66,83,83,10
1776277598.6056018,23:56:38,HIGH,50.4,28.03,83.0,56.0,2.985,14.57,43.49,83,83,10
1776277599.6847787,23:56:39,HIGH,50.6,27.20,83.0,55.0,2.986,14.57,43.51,83,83,10
1776277600.8333163,23:56:40,HIGH,50.4,27.21,83.0,56.0,3.008,14.55,43.78,83,83,10
1776277602.0177453,23:56:42,HIGH,50.5,27.20,83.0,56.0,3.013,14.56,43.87,83,83,10
1776277603.1118913,23:56:43,HIGH,50.5,27.21,83.0,56.0,3.008,14.56,43.80,83,83,10
1776277604.190691,23:56:44,HIGH,53.4,27.22,83.0,56.0,3.008,14.56,43.80,83,83,10
1776277605.3430326,23:56:45,HIGH,50.5,27.21,83.0,56.0,3.001,14.56,43.69,83,83,10
1776277606.5495076,23:56:46,HIGH,50.5,27.24,83.0,56.0,2.994,14.56,43.59,83,83,10
1776277607.7766194,23:56:47,HIGH,50.6,28.11,83.0,57.0,3.006,14.55,43.75,83,83,10
1776277608.8625698,23:56:48,HIGH,50.4,27.22,83.0,56.0,3.001,14.56,43.68,83,83,10
1776277610.010905,23:56:50,HIGH,50.5,28.03,83.0,56.0,2.997,14.55,43.62,83,83,10
1776277611.1803412,23:56:51,HIGH,50.5,27.19,83.0,56.0,2.989,14.55,43.50,83,83,10
1776277612.275305,23:56:52,HIGH,50.5,27.16,83.0,56.0,2.990,14.55,43.52,83,83,10
1776277613.4774516,23:56:53,NO_LOAD,50.5,27.21,83.0,57.0,3.019,14.54,43.89,83,83,10
1776277614.7187939,23:56:54,NO_LOAD,0.6,9.01,80.0,52.0,0.656,14.83,9.73,83,80,10
1776277615.958432,23:56:55,NO_LOAD,0.5,1.22,76.0,52.0,0.596,15.36,9.15,80,76,9
1776277617.1894803,23:56:57,NO_LOAD,0.5,1.25,67.0,51.0,0.564,15.49,8.74,68,67,8
1776277618.417674,23:56:58,NO_LOAD,0.6,1.25,62.0,51.0,0.553,15.50,8.57,67,62,8
1776277619.6473475,23:56:59,NO_LOAD,0.5,2.01,61.0,51.0,0.529,15.50,8.20,62,61,7
1776277620.8787923,23:57:00,NO_LOAD,0.5,2.17,59.0,50.0,0.505,15.51,7.83,61,59,7
1776277622.1183877,23:57:02,NO_LOAD,0.5,3.06,58.0,51.0,0.509,15.54,7.91,59,58,6
1776277623.351341,23:57:03,NO_LOAD,0.5,2.08,56.0,50.0,0.499,15.56,7.76,56,56,5
1776277624.5876904,23:57:04,NO_LOAD,0.5,2.02,55.0,50.0,0.486,15.57,7.57,56,55,5
1776277625.7799368,23:57:05,NO_LOAD,0.4,2.23,54.0,50.0,0.507,15.57,7.89,55,54,5
1776277626.874569,23:57:06,NO_LOAD,0.5,2.04,53.0,50.0,0.501,15.57,7.80,54,53,5
1776277628.1090803,23:57:08,NO_LOAD,0.6,4.06,53.0,50.0,0.498,15.56,7.75,53,53,5
1776277629.3547869,23:57:09,NO_LOAD,0.4,1.25,52.0,49.0,0.512,15.56,7.97,53,52,5
1776277630.5876231,23:57:10,NO_LOAD,0.6,2.15,52.0,50.0,0.510,15.58,7.94,52,52,4
1776277631.8178065,23:57:11,NO_LOAD,0.6,2.00,51.0,49.0,0.530,15.60,8.27,52,51,4
1776277633.0351543,23:57:13,NO_LOAD,0.6,2.24,51.0,49.0,0.496,15.61,7.74,51,51,4
1776277634.2612543,23:57:14,NO_LOAD,0.8,1.22,50.0,49.0,0.518,15.59,8.08,51,50,4
1776277635.516804,23:57:15,NO_LOAD,0.5,1.25,50.0,49.0,0.501,15.60,7.82,50,50,4
1776277636.753169,23:57:16,NO_LOAD,0.5,2.04,50.0,48.0,0.496,15.59,7.73,50,50,4
1776277637.9877877,23:57:17,NO_LOAD,0.5,1.22,50.0,48.0,0.514,15.62,8.03,50,50,4
1776277639.2266514,23:57:19,NO_LOAD,0.5,1.23,49.0,48.0,0.508,15.63,7.94,50,49,4
1776277640.4540744,23:57:20,NO_LOAD,0.6,2.10,49.0,48.0,0.505,15.62,7.89,49,49,4
1776277641.7099793,23:57:21,NO_LOAD,0.4,2.19,49.0,48.0,0.517,15.61,8.07,49,49,4
1776277642.949261,23:57:22,NO_LOAD,0.4,1.23,49.0,48.0,0.481,15.62,7.51,49,49,4
1776277644.1827705,23:57:24,LOW,0.7,6.11,49.0,48.0,0.505,15.62,7.89,49,49,4
1776277645.2927573,23:57:25,LOW,13.1,4.15,51.0,49.0,0.782,15.65,12.24,49,51,4
1776277646.4921863,23:57:26,LOW,13.1,4.16,53.0,49.0,0.783,15.54,12.16,51,53,4
1776277647.63681,23:57:27,LOW,13.1,21.00,63.0,57.0,1.656,15.14,25.08,53,63,4
1776277648.8628266,23:57:28,LOW,13.1,22.06,80.0,57.0,2.223,14.99,33.33,63,80,5
1776277650.10691,23:57:30,LOW,13.0,20.09,87.0,57.0,2.222,15.00,33.34,80,87,6
1776277651.3274405,23:57:31,LOW,13.3,23.09,89.0,57.0,2.250,14.98,33.70,89,91,8
1776277652.539933,23:57:32,LOW,13.6,21.02,91.0,57.0,2.238,14.94,33.43,91,91,9
1776277653.639924,23:57:33,LOW,13.3,20.03,91.0,57.0,2.249,14.95,33.61,91,91,10
1776277654.8263013,23:57:34,LOW,13.0,20.03,91.0,58.0,2.262,14.96,33.84,91,91,11
1776277655.9597754,23:57:35,LOW,13.3,21.25,92.0,58.0,2.283,14.95,34.12,91,92,11
1776277657.060812,23:57:37,LOW,13.1,19.15,92.0,58.0,2.284,14.94,34.12,92,92,11
1776277658.2696002,23:57:38,LOW,13.0,19.24,92.0,58.0,2.317,14.92,34.57,92,92,11
1776277659.5092468,23:57:39,LOW,13.0,20.02,92.0,58.0,2.322,14.91,34.63,92,92,11
1776277660.733907,23:57:40,LOW,13.1,21.08,92.0,57.0,2.315,14.90,34.50,92,92,11
1776277661.9510324,23:57:41,LOW,13.0,20.09,92.0,58.0,2.333,14.88,34.71,92,92,11
1776277663.0744002,23:57:43,LOW,13.2,20.25,92.0,58.0,2.314,14.91,34.50,92,92,11
1776277664.2843328,23:57:44,LOW,14.3,19.23,92.0,57.0,2.446,14.91,36.47,92,92,11
1776277665.394196,23:57:45,LOW,13.0,20.09,92.0,58.0,2.326,14.89,34.63,92,92,11
1776277666.5620277,23:57:46,LOW,13.0,19.05,92.0,57.0,2.336,14.89,34.78,92,92,11
1776277667.7850475,23:57:47,LOW,13.3,21.15,92.0,58.0,2.343,14.88,34.85,92,92,11
1776277669.0161786,23:57:49,LOW,13.0,19.15,92.0,57.0,2.332,14.88,34.69,92,92,11
1776277670.2372646,23:57:50,LOW,13.0,20.18,92.0,58.0,2.326,14.89,34.62,92,92,11
1776277671.3294044,23:57:51,LOW,13.1,19.17,92.0,58.0,2.322,14.88,34.54,92,92,11
1776277672.5033226,23:57:52,LOW,13.1,20.19,92.0,58.0,2.333,14.85,34.65,92,92,11
1776277673.6526508,23:57:53,LOW,13.1,20.19,92.0,57.0,2.341,14.88,34.82,92,92,11
1776277674.8702834,23:57:54,MED,13.0,51.17,92.0,57.0,2.341,14.86,34.78,92,92,11
1776277676.0716925,23:57:56,MED,25.5,35.18,92.0,58.0,3.745,14.37,53.82,92,92,11
1776277677.177276,23:57:57,MED,25.5,34.01,92.0,59.0,3.732,14.36,53.58,92,92,11
1776277678.2834344,23:57:58,MED,25.5,35.15,92.0,59.0,3.728,14.35,53.49,92,92,11
1776277679.5047998,23:57:59,MED,25.5,28.16,90.0,57.0,3.110,14.55,45.26,92,90,11
1776277680.5987592,23:58:00,MED,25.5,27.12,88.0,58.0,3.052,14.57,44.48,90,88,11
1776277681.7199929,23:58:01,MED,25.7,27.11,86.0,57.0,3.071,14.57,44.73,88,86,11
1776277682.937258,23:58:02,MED,25.4,28.24,85.0,58.0,3.043,14.57,44.34,86,85,10
1776277684.1515613,23:58:04,MED,25.5,30.17,84.0,57.0,3.018,14.57,43.98,84,84,10
1776277685.3661249,23:58:05,MED,25.4,30.01,84.0,58.0,3.006,14.57,43.81,84,84,10
1776277686.5693417,23:58:06,MED,25.5,27.22,83.0,57.0,2.989,14.58,43.58,84,83,10
1776277687.7918587,23:58:07,MED,25.4,28.09,83.0,58.0,2.992,14.58,43.62,83,83,10
1776277689.0057933,23:58:09,MED,25.5,27.12,83.0,58.0,3.030,14.57,44.14,83,83,10
1776277690.2218783,23:58:10,MED,25.5,27.15,83.0,58.0,3.019,14.56,43.96,83,83,10
1776277691.309615,23:58:11,MED,25.5,28.07,83.0,58.0,3.018,14.56,43.95,83,83,10
1776277692.4109488,23:58:12,MED,25.5,27.21,84.0,58.0,3.000,14.56,43.69,83,84,10
1776277693.6288397,23:58:13,MED,25.5,28.10,84.0,58.0,3.019,14.56,43.94,84,84,10
1776277694.7687666,23:58:14,MED,25.7,29.12,84.0,59.0,3.012,14.55,43.83,84,84,10
1776277695.970253,23:58:15,MED,25.6,28.16,84.0,58.0,3.017,14.55,43.91,84,84,10
1776277697.182616,23:58:17,MED,25.4,27.25,84.0,58.0,3.018,14.55,43.91,84,84,10
1776277698.4131253,23:58:18,MED,25.5,28.08,84.0,58.0,3.020,14.54,43.93,84,84,10
1776277699.567528,23:58:19,MED,25.5,28.09,84.0,59.0,3.020,14.54,43.90,84,84,10
1776277700.7471852,23:58:20,MED,25.5,27.22,84.0,58.0,3.032,14.54,44.07,84,84,10
1776277701.8514183,23:58:21,MED,25.5,29.21,84.0,59.0,3.036,14.53,44.11,84,84,10
1776277703.0191398,23:58:23,MED,25.6,29.02,84.0,59.0,3.027,14.53,43.99,84,84,10
1776277704.2320771,23:58:24,MED,25.5,28.01,84.0,58.0,3.023,14.53,43.92,84,84,10
1776277705.4498053,23:58:25,HIGH,25.5,48.23,84.0,58.0,3.003,14.53,43.65,84,84,10
1776277706.5917208,23:58:26,HIGH,50.5,28.04,83.0,56.0,2.996,14.54,43.57,84,83,10
1776277707.7937615,23:58:27,HIGH,50.4,27.20,83.0,55.0,3.003,14.54,43.66,83,83,10
1776277708.8949156,23:58:28,HIGH,50.7,27.21,82.0,55.0,3.005,14.54,43.68,83,82,10
1776277709.990231,23:58:29,HIGH,50.5,27.15,82.0,56.0,2.991,14.54,43.48,82,82,10
1776277711.18264,23:58:31,HIGH,50.8,28.11,82.0,55.0,2.996,14.54,43.56,82,82,10
1776277712.2729323,23:58:32,HIGH,51.3,28.06,82.0,56.0,3.000,14.53,43.59,82,82,10
1776277713.4822316,23:58:33,HIGH,50.7,28.01,82.0,56.0,3.012,14.52,43.73,82,82,10
1776277714.5616655,23:58:34,HIGH,50.6,28.01,82.0,56.0,3.015,14.52,43.77,82,82,10
1776277715.7294624,23:58:35,HIGH,50.5,28.11,82.0,56.0,3.014,14.52,43.75,82,82,10
1776277716.8602042,23:58:36,HIGH,50.5,28.03,82.0,56.0,2.988,14.52,43.39,82,82,10
1776277717.9585335,23:58:37,HIGH,50.5,27.14,82.0,56.0,2.993,14.52,43.45,82,82,10
1776277719.093054,23:58:39,HIGH,50.4,28.03,82.0,56.0,3.009,14.52,43.68,82,82,10
1776277720.1813285,23:58:40,HIGH,50.5,27.19,82.0,56.0,2.995,14.52,43.47,82,82,10
1776277721.3839738,23:58:41,HIGH,50.5,28.04,83.0,56.0,2.992,14.51,43.43,82,83,10
1776277722.5032353,23:58:42,HIGH,50.6,28.11,83.0,56.0,2.989,14.52,43.40,83,83,10
1776277723.6375363,23:58:43,HIGH,51.7,27.22,83.0,56.0,2.999,14.51,43.53,83,83,10
1776277724.7263489,23:58:44,HIGH,52.1,28.08,83.0,56.0,3.017,14.51,43.78,83,83,10
1776277725.85679,23:58:45,HIGH,50.5,27.20,83.0,56.0,3.001,14.51,43.53,83,83,10
1776277726.947267,23:58:46,HIGH,50.6,27.21,83.0,56.0,2.981,14.51,43.26,83,83,10
1776277728.02981,23:58:48,HIGH,50.5,28.04,83.0,56.0,3.002,14.51,43.55,83,83,10
1776277729.1443086,23:58:49,HIGH,50.4,27.23,83.0,56.0,2.989,14.51,43.37,83,83,10
1776277730.2222748,23:58:50,HIGH,50.5,27.21,83.0,56.0,3.004,14.50,43.56,83,83,10
1776277731.3186533,23:58:51,HIGH,50.5,27.25,83.0,56.0,2.993,14.51,43.42,83,83,10
1776277732.4834013,23:58:52,HIGH,50.4,28.01,83.0,56.0,2.988,14.50,43.34,83,83,10
1776277733.5896974,23:58:53,HIGH,50.5,27.15,83.0,56.0,3.007,14.50,43.59,83,83,10
1776277734.803389,23:58:54,HIGH,50.4,27.20,83.0,56.0,3.023,14.47,43.75,83,83,10
1776277735.9433887,23:58:55,NO_LOAD,50.4,28.10,83.0,57.0,3.023,14.49,43.82,83,83,10
1776277737.157161,23:58:57,NO_LOAD,0.6,1.23,81.0,52.0,0.739,14.49,10.71,81,80,10
1776277738.378821,23:58:58,NO_LOAD,0.6,1.23,77.0,52.0,0.658,15.40,10.13,80,77,9
1776277739.6052504,23:58:59,NO_LOAD,0.5,2.00,73.0,51.0,0.550,15.41,8.48,77,73,9
1776277740.8374255,23:59:00,NO_LOAD,0.5,2.10,71.0,51.0,0.529,15.43,8.16,73,71,9
1776277742.1031199,23:59:02,NO_LOAD,0.8,1.23,67.0,50.0,0.573,15.40,8.82,71,67,9
1776277743.3380387,23:59:03,NO_LOAD,0.5,2.18,64.0,50.0,0.511,15.44,7.89,64,64,7
1776277744.5726254,23:59:04,NO_LOAD,0.6,2.22,62.0,50.0,0.513,15.48,7.94,64,62,7
1776277745.7997785,23:59:05,NO_LOAD,0.5,2.19,61.0,50.0,0.520,15.47,8.05,62,61,7
1776277747.029037,23:59:07,NO_LOAD,0.6,1.21,59.0,50.0,0.537,15.48,8.31,61,59,7
1776277748.2711406,23:59:08,NO_LOAD,0.6,2.24,57.0,50.0,0.554,15.46,8.57,59,57,6
1776277749.513091,23:59:09,NO_LOAD,0.7,2.16,56.0,49.0,0.514,15.46,7.95,56,56,5
1776277750.7444499,23:59:10,NO_LOAD,0.5,2.17,55.0,49.0,0.484,15.51,7.51,56,55,5
1776277751.9721966,23:59:11,NO_LOAD,0.6,2.17,53.0,49.0,0.501,15.51,7.77,55,53,5
1776277753.1967163,23:59:13,NO_LOAD,0.5,1.22,53.0,49.0,0.486,15.53,7.55,53,53,5
1776277754.4462886,23:59:14,NO_LOAD,0.8,2.19,52.0,49.0,0.509,15.52,7.90,53,52,5
1776277755.688548,23:59:15,NO_LOAD,0.5,2.21,52.0,49.0,0.472,15.50,7.32,52,52,4
1776277756.9106925,23:59:16,NO_LOAD,0.5,2.17,52.0,49.0,0.504,15.52,7.82,52,52,4
1776277758.135472,23:59:18,NO_LOAD,0.5,2.14,51.0,48.0,0.519,15.54,8.06,52,51,4
1776277759.3688622,23:59:19,NO_LOAD,0.5,2.24,51.0,49.0,0.524,15.54,8.14,51,51,4
1776277760.6152318,23:59:20,NO_LOAD,0.6,2.08,50.0,48.0,0.516,15.54,8.02,51,50,4
1776277761.848771,23:59:21,NO_LOAD,0.5,1.25,50.0,48.0,0.482,15.54,7.49,50,50,4
1776277763.0761144,23:59:23,NO_LOAD,0.5,1.21,50.0,48.0,0.476,15.53,7.39,50,50,4
1776277764.2594154,23:59:24,NO_LOAD,0.6,2.04,50.0,48.0,0.474,15.56,7.38,50,50,4
1776277765.4876766,23:59:25,NO_LOAD,0.6,2.13,50.0,48.0,0.480,15.54,7.46,50,50,4
1776277766.7168155,23:59:26,LOW,0.6,6.08,49.0,48.0,0.489,15.58,7.62,50,49,4
1776277767.9613984,23:59:27,LOW,13.1,4.20,51.0,49.0,0.803,15.46,12.42,49,51,4
1776277769.1845353,23:59:29,LOW,13.0,4.15,52.0,49.0,0.781,15.46,12.08,52,53,4
1776277770.3059814,23:59:30,LOW,13.0,23.02,74.0,57.0,2.137,15.31,32.71,53,74,4
1776277771.4558547,23:59:31,LOW,13.7,20.22,84.0,57.0,2.275,14.91,33.92,74,84,5
1776277772.5453506,23:59:32,LOW,13.0,21.25,89.0,57.0,2.263,14.90,33.71,84,89,6
1776277773.7587435,23:59:33,LOW,13.0,21.11,90.0,57.0,2.221,14.91,33.11,89,90,7
1776277774.9771247,23:59:34,LOW,12.9,19.23,91.0,57.0,2.212,14.92,33.01,90,91,8
1776277776.1946347,23:59:36,LOW,13.0,21.05,91.0,57.0,2.235,14.90,33.31,91,91,9
1776277777.3460987,23:59:37,LOW,13.1,19.15,91.0,58.0,2.292,14.89,34.14,91,91,10
1776277778.5754967,23:59:38,LOW,13.2,21.17,92.0,59.0,2.304,14.88,34.29,91,92,11
1776277779.7589545,23:59:39,LOW,13.0,21.24,92.0,57.0,2.287,14.88,34.02,92,92,11
1776277780.9031568,23:59:40,LOW,13.0,19.05,92.0,58.0,2.293,14.85,34.04,92,92,11
1776277782.0122879,23:59:42,LOW,13.2,19.15,92.0,58.0,2.323,14.85,34.50,92,92,11
1776277783.172109,23:59:43,LOW,13.3,20.13,92.0,58.0,2.358,14.82,34.94,92,92,11
1776277784.3277164,23:59:44,LOW,14.5,21.03,92.0,58.0,2.445,14.83,36.25,92,92,11
1776277785.4960725,23:59:45,LOW,13.2,19.15,92.0,58.0,2.311,14.84,34.29,92,92,11
1776277786.5896423,23:59:46,LOW,13.0,21.17,92.0,58.0,2.316,14.84,34.37,92,92,11
1776277787.7090483,23:59:47,LOW,13.1,20.10,92.0,58.0,2.348,14.85,34.86,92,92,11
1776277788.9254117,23:59:48,LOW,13.0,20.01,92.0,58.0,2.329,14.84,34.56,92,92,11
1776277790.0131652,23:59:50,LOW,12.9,20.23,92.0,58.0,2.310,14.84,34.29,92,92,11
1776277791.176622,23:59:51,LOW,13.0,19.25,92.0,57.0,2.319,14.83,34.39,92,92,11
1776277792.2935843,23:59:52,LOW,13.1,21.07,92.0,58.0,2.348,14.82,34.80,92,92,11
1776277793.5091336,23:59:53,LOW,13.0,21.25,92.0,58.0,2.307,14.83,34.21,92,92,11
1776277794.6698494,23:59:54,LOW,13.1,20.23,92.0,58.0,2.343,14.81,34.71,92,92,11
1776277795.870567,23:59:55,LOW,13.0,19.23,92.0,58.0,2.348,14.81,34.77,92,92,11
1776277797.070446,23:59:57,MED,17.7,52.23,92.0,58.0,2.725,14.63,39.88,92,92,11
1776277798.2783647,23:59:58,MED,30.2,36.24,92.0,59.0,4.107,14.55,59.74,92,92,11
1776277799.3773875,23:59:59,MED,30.6,30.20,92.0,57.0,4.052,14.19,57.48,92,92,11
1776277800.4712722,00:00:00,MED,30.6,28.06,88.0,56.0,3.199,14.38,46.00,92,88,11
1776277801.6699562,00:00:01,MED,31.0,31.08,84.0,56.0,3.027,14.51,43.92,88,84,11
1776277802.802337,00:00:02,MED,31.3,27.24,81.0,56.0,3.004,14.53,43.66,84,81,10
1776277803.892655,00:00:03,MED,29.3,28.16,79.0,57.0,3.007,14.54,43.72,81,79,10
1776277805.102129,00:00:05,MED,28.4,28.00,79.0,57.0,3.027,14.53,43.98,79,79,9
1776277806.2365794,00:00:06,MED,25.7,28.18,81.0,57.0,3.030,14.53,44.03,81,82,9
1776277807.4350965,00:00:07,MED,25.5,28.20,83.0,58.0,3.011,14.53,43.74,82,83,10
1776277808.6044736,00:00:08,MED,25.5,27.17,83.0,57.0,3.040,14.51,44.12,83,83,10
1776277809.7650695,00:00:09,MED,25.4,29.05,83.0,58.0,3.013,14.51,43.73,83,83,10
1776277810.8522296,00:00:10,MED,25.5,27.13,83.0,58.0,3.024,14.50,43.84,83,83,10
1776277812.052777,00:00:12,MED,25.5,28.19,83.0,58.0,3.018,14.52,43.81,83,83,10
1776277813.2722158,00:00:13,MED,25.6,28.13,84.0,58.0,3.022,14.50,43.83,83,84,10
1776277814.5043006,00:00:14,MED,25.6,29.07,84.0,58.0,3.007,14.50,43.61,84,84,10
1776277815.6780713,00:00:15,MED,25.4,30.02,84.0,59.0,3.020,14.49,43.75,84,84,10
1776277816.8947976,00:00:16,MED,27.5,26.24,83.0,57.0,3.022,14.50,43.83,84,83,10
1776277818.0404344,00:00:18,MED,29.0,28.09,83.0,57.0,3.084,14.48,44.64,83,83,10
1776277819.2535858,00:00:19,MED,25.9,27.25,83.0,58.0,3.056,14.48,44.25,83,83,10
1776277820.340684,00:00:20,MED,25.5,28.00,84.0,59.0,3.052,14.47,44.17,83,84,10
1776277821.4995754,00:00:21,MED,25.5,29.01,84.0,58.0,3.020,14.48,43.73,84,84,10
1776277822.6231177,00:00:22,MED,25.5,28.16,84.0,58.0,3.020,14.49,43.75,84,84,10
1776277823.8508139,00:00:23,MED,25.5,27.23,84.0,59.0,3.026,14.49,43.84,84,84,10
1776277825.0784812,00:00:25,MED,25.5,28.18,84.0,59.0,3.035,14.47,43.93,84,84,10
1776277826.1948435,00:00:26,MED,29.1,27.17,84.0,58.0,3.028,14.48,43.83,84,84,10
1776277827.3748035,00:00:27,HIGH,25.7,50.05,84.0,59.0,3.046,14.47,44.08,84,84,10
1776277828.4851415,00:00:28,HIGH,51.3,28.05,83.0,55.0,3.043,14.47,44.05,84,83,10
1776277829.597778,00:00:29,HIGH,50.8,28.05,83.0,56.0,3.031,14.47,43.86,83,83,10
1776277830.7995548,00:00:30,HIGH,50.5,27.23,83.0,56.0,3.029,14.47,43.82,83,83,10
1776277831.9202068,00:00:31,HIGH,51.9,27.20,83.0,55.0,3.022,14.46,43.71,83,83,10
1776277833.082926,00:00:33,HIGH,50.6,28.04,83.0,55.0,3.015,14.46,43.61,83,83,10
1776277834.1624033,00:00:34,HIGH,50.5,27.25,83.0,55.0,3.003,14.47,43.46,83,83,10
1776277835.25422,00:00:35,HIGH,50.5,28.04,83.0,56.0,2.999,14.47,43.39,83,83,10
1776277836.3869407,00:00:36,HIGH,50.5,28.09,83.0,56.0,3.010,14.46,43.54,83,83,10
1776277837.597668,00:00:37,HIGH,50.6,28.09,83.0,56.0,3.002,14.46,43.42,83,83,10
1776277838.6962507,00:00:38,HIGH,50.5,27.21,83.0,56.0,2.998,14.47,43.37,83,83,10
1776277839.7864227,00:00:39,HIGH,50.5,27.20,83.0,56.0,3.017,14.46,43.64,83,83,10
1776277840.881362,00:00:40,HIGH,50.5,28.04,83.0,56.0,3.006,14.46,43.47,83,83,10
1776277841.9770494,00:00:41,HIGH,50.5,28.05,83.0,56.0,3.028,14.45,43.76,83,83,10
1776277843.0667522,00:00:43,HIGH,50.8,28.04,83.0,56.0,3.016,14.45,43.59,83,83,10
1776277844.1559768,00:00:44,HIGH,53.2,27.15,83.0,57.0,3.022,14.44,43.65,83,83,10
1776277845.3648689,00:00:45,HIGH,50.5,27.15,82.0,56.0,3.015,14.45,43.57,83,82,10
1776277846.487755,00:00:46,HIGH,50.5,27.21,83.0,56.0,3.010,14.45,43.49,82,83,10
1776277847.642235,00:00:47,HIGH,50.5,27.19,83.0,56.0,3.025,14.45,43.71,83,83,10
1776277848.79664,00:00:48,HIGH,50.5,28.01,83.0,56.0,3.014,14.45,43.54,83,83,10
1776277849.9692419,00:00:49,HIGH,50.4,27.20,83.0,56.0,3.022,14.45,43.66,83,83,10
1776277851.0706851,00:00:51,HIGH,50.5,27.20,83.0,56.0,3.025,14.44,43.69,83,83,10
1776277852.1530943,00:00:52,HIGH,50.5,28.03,83.0,56.0,3.016,14.44,43.55,83,83,10
1776277853.2618804,00:00:53,HIGH,50.7,27.15,83.0,56.0,3.015,14.44,43.54,83,83,10
1776277854.3444922,00:00:54,HIGH,50.5,28.06,83.0,56.0,3.025,14.43,43.65,83,83,10
1776277855.5484552,00:00:55,HIGH,50.5,27.20,83.0,56.0,3.038,14.44,43.86,83,83,10
1776277856.6454716,00:00:56,HIGH,50.6,28.04,83.0,57.0,3.033,14.43,43.76,83,83,10
1776277857.8470728,00:00:57,NO_LOAD,50.5,14.24,83.0,57.0,3.009,14.44,43.44,83,83,10
1776277859.0759196,00:00:59,NO_LOAD,0.5,2.15,77.0,52.0,0.624,15.22,9.49,83,77,10
1776277860.3143852,00:01:00,NO_LOAD,0.6,2.03,73.0,52.0,0.556,15.29,8.50,77,73,9
1776277861.5429401,00:01:01,NO_LOAD,0.4,2.02,70.0,52.0,0.570,15.31,8.73,71,70,9
1776277862.7743795,00:01:02,NO_LOAD,0.5,2.02,67.0,52.0,0.560,15.35,8.59,70,67,9
1776277864.0030951,00:01:04,NO_LOAD,0.4,1.24,63.0,51.0,0.576,15.35,8.84,67,63,8
1776277865.2526996,00:01:05,NO_LOAD,0.5,2.18,60.0,51.0,0.558,15.37,8.57,63,60,7
1776277866.5078988,00:01:06,NO_LOAD,0.5,2.00,58.0,51.0,0.527,15.38,8.10,60,58,6
1776277867.7332659,00:01:07,NO_LOAD,0.5,1.24,57.0,51.0,0.524,15.37,8.05,58,57,6
1776277868.961497,00:01:08,NO_LOAD,0.5,1.25,56.0,50.0,0.523,15.40,8.06,57,56,6
1776277870.1926103,00:01:10,NO_LOAD,0.6,2.18,55.0,49.0,0.504,15.42,7.77,56,55,5
1776277871.4308035,00:01:11,NO_LOAD,0.4,1.23,55.0,50.0,0.502,15.42,7.74,55,55,5
1776277872.682392,00:01:12,NO_LOAD,0.5,2.19,54.0,50.0,0.492,15.43,7.59,55,54,5
1776277873.9092298,00:01:13,NO_LOAD,0.9,1.22,53.0,50.0,0.525,15.41,8.09,53,53,5
1776277875.1356306,00:01:15,NO_LOAD,0.5,2.24,53.0,49.0,0.520,15.41,8.01,53,53,5
1776277876.3686767,00:01:16,NO_LOAD,0.5,2.18,52.0,50.0,0.518,15.45,8.00,53,52,5
1776277877.605164,00:01:17,NO_LOAD,0.6,1.25,51.0,49.0,0.510,15.45,7.88,52,51,4
1776277878.8646905,00:01:18,NO_LOAD,0.4,2.11,51.0,49.0,0.505,15.46,7.81,51,51,4
1776277880.0927956,00:01:20,NO_LOAD,0.6,2.01,51.0,49.0,0.506,15.46,7.82,51,51,4
1776277881.3290517,00:01:21,NO_LOAD,0.6,2.00,50.0,49.0,0.524,15.44,8.09,51,50,4
1776277882.5538793,00:01:22,NO_LOAD,0.5,2.07,50.0,48.0,0.498,15.47,7.70,50,50,4
1776277883.7936847,00:01:23,NO_LOAD,0.6,1.24,50.0,49.0,0.503,15.48,7.78,50,50,4
1776277885.0390584,00:01:25,NO_LOAD,0.6,3.08,50.0,49.0,0.497,15.48,7.69,50,50,4
1776277886.2716908,00:01:26,NO_LOAD,0.5,2.23,50.0,48.0,0.512,15.48,7.93,50,50,4
1776277887.4962487,00:01:27,NO_LOAD,0.6,1.21,49.0,48.0,0.508,15.47,7.86,50,49,4
1776277888.7265623,00:01:28,LOW,0.6,6.08,49.0,48.0,0.507,15.47,7.84,49,49,4
1776277889.9309447,00:01:29,LOW,13.0,4.24,51.0,49.0,0.801,15.38,12.32,49,51,4
1776277891.1556966,00:01:31,LOW,13.5,4.21,53.0,49.0,0.818,15.38,12.58,51,53,4
1776277892.3401287,00:01:32,LOW,13.6,21.01,56.0,57.0,2.061,14.99,30.89,53,56,4
1776277893.5517545,00:01:33,LOW,13.1,21.12,76.0,57.0,2.240,14.86,33.30,76,85,6
1776277894.709052,00:01:34,LOW,12.9,21.04,89.0,57.0,2.213,14.86,32.88,85,89,7
1776277895.8260489,00:01:35,LOW,13.0,21.12,90.0,58.0,2.250,14.83,33.36,89,90,8
1776277896.9522238,00:01:36,LOW,12.9,20.07,91.0,57.0,2.228,14.83,33.03,90,91,9
1776277898.148827,00:01:38,LOW,13.1,21.18,91.0,58.0,2.247,14.81,33.29,91,91,10
1776277899.371049,00:01:39,LOW,13.1,21.12,91.0,58.0,2.275,14.82,33.72,91,91,11
1776277900.4866388,00:01:40,LOW,13.0,21.05,92.0,57.0,2.278,14.82,33.76,91,92,11
1776277901.5641558,00:01:41,LOW,13.1,19.17,92.0,57.0,2.307,14.81,34.16,92,92,11
1776277902.792092,00:01:42,LOW,13.1,19.15,92.0,58.0,2.341,14.79,34.62,92,92,11
1776277904.0130067,00:01:44,LOW,14.4,21.13,92.0,58.0,2.456,14.74,36.20,92,92,11
1776277905.1282606,00:01:45,LOW,13.0,20.19,92.0,58.0,2.336,14.78,34.54,92,92,11
1776277906.3487086,00:01:46,LOW,12.9,19.15,92.0,58.0,2.322,14.78,34.33,92,92,11
1776277907.504088,00:01:47,LOW,13.2,21.01,92.0,58.0,2.338,14.77,34.53,92,92,11
1776277908.717305,00:01:48,LOW,12.9,20.24,92.0,57.0,2.319,14.76,34.22,92,92,11
1776277909.9264174,00:01:49,LOW,13.1,20.03,92.0,58.0,2.322,14.76,34.26,92,92,11
1776277911.1445158,00:01:51,LOW,13.0,19.09,92.0,58.0,2.320,14.78,34.28,92,92,11
1776277912.3533435,00:01:52,LOW,13.0,22.06,92.0,58.0,2.322,14.76,34.28,92,92,11
1776277913.5763817,00:01:53,LOW,13.0,20.21,92.0,57.0,2.350,14.76,34.68,92,92,11
1776277914.7893124,00:01:54,LOW,12.9,20.04,92.0,57.0,2.341,14.75,34.53,92,92,11
1776277915.9942577,00:01:55,LOW,13.1,21.22,92.0,57.0,2.350,14.74,34.65,92,92,11
1776277917.2017546,00:01:57,LOW,13.1,20.12,92.0,57.0,2.348,14.73,34.58,92,92,11
1776277918.2796574,00:01:58,LOW,13.1,21.10,92.0,58.0,2.334,14.74,34.40,92,92,11
1776277919.504221,00:01:59,MED,13.0,52.01,92.0,58.0,2.333,14.74,34.39,92,92,11
1776277920.5863996,00:02:00,MED,25.6,36.00,92.0,58.0,3.778,14.75,55.71,92,92,11
1776277921.7045183,00:02:01,MED,25.5,35.09,92.0,59.0,3.750,14.24,53.42,92,92,11
1776277922.936441,00:02:02,MED,25.4,29.06,92.0,58.0,3.745,14.23,53.31,92,92,11
1776277924.0133848,00:02:04,MED,25.5,28.23,91.0,57.0,3.174,14.24,45.20,92,91,11
1776277925.1438065,00:02:05,MED,25.5,28.21,88.0,57.0,3.054,14.46,44.15,91,88,11
1776277926.3582854,00:02:06,MED,25.4,28.20,85.0,57.0,3.095,14.44,44.70,86,85,10
1776277927.5682952,00:02:07,MED,25.5,28.01,84.0,57.0,3.066,14.44,44.29,85,84,10
1776277928.6642053,00:02:08,MED,25.6,28.09,84.0,57.0,3.043,14.45,43.97,84,84,10
1776277929.8649318,00:02:09,MED,25.5,28.03,83.0,58.0,3.012,14.45,43.53,84,83,10
1776277931.000789,00:02:11,MED,25.4,27.16,83.0,58.0,3.039,14.45,43.90,83,83,10
1776277932.21444,00:02:12,MED,25.6,29.13,83.0,58.0,3.024,14.45,43.68,83,83,10
1776277933.3227272,00:02:13,MED,25.5,27.16,83.0,58.0,3.025,14.44,43.69,83,83,10
1776277934.4304433,00:02:14,MED,25.6,27.05,83.0,58.0,3.026,14.44,43.68,83,83,10
1776277935.6551318,00:02:15,MED,25.4,28.02,83.0,58.0,3.032,14.43,43.76,83,83,10
1776277936.7729518,00:02:16,MED,25.5,28.16,83.0,58.0,3.035,14.41,43.75,83,83,10
1776277937.917064,00:02:17,MED,25.6,27.19,83.0,58.0,3.041,14.43,43.88,83,84,10
1776277939.1276383,00:02:19,MED,25.4,28.10,84.0,58.0,3.043,14.43,43.90,84,84,10
1776277940.3392885,00:02:20,MED,25.4,28.09,84.0,58.0,3.046,14.42,43.93,84,84,10
1776277941.528617,00:02:21,MED,25.6,27.14,84.0,58.0,3.030,14.41,43.68,84,84,10
1776277942.7445452,00:02:22,MED,25.5,28.11,84.0,58.0,3.034,14.42,43.76,84,84,10
1776277943.97411,00:02:23,MED,25.5,28.00,84.0,58.0,3.056,14.42,44.06,84,84,10
1776277945.190325,00:02:25,MED,25.5,28.09,84.0,59.0,3.048,14.41,43.93,84,84,10
1776277946.3600388,00:02:26,MED,25.4,28.09,84.0,59.0,3.036,14.41,43.74,84,84,10
1776277947.4577212,00:02:27,MED,25.7,28.05,84.0,59.0,3.034,14.41,43.71,84,84,10
1776277948.6062682,00:02:28,MED,25.5,29.06,84.0,59.0,3.029,14.41,43.64,84,84,10
1776277949.8253086,00:02:29,HIGH,25.5,49.19,84.0,59.0,3.053,14.39,43.94,84,84,10
1776277950.9801466,00:02:30,HIGH,50.8,28.00,84.0,56.0,3.040,14.40,43.79,84,84,10
1776277952.1866806,00:02:32,HIGH,51.1,27.20,83.0,55.0,3.021,14.40,43.50,84,83,10
1776277953.2656596,00:02:33,HIGH,50.9,28.08,83.0,56.0,3.023,14.40,43.53,83,83,10
1776277954.482478,00:02:34,HIGH,50.4,27.20,83.0,56.0,3.025,14.39,43.53,83,83,10
1776277955.59197,00:02:35,HIGH,50.5,27.21,83.0,55.0,3.016,14.38,43.38,83,83,10
1776277956.8040144,00:02:36,HIGH,50.4,28.03,83.0,56.0,3.027,14.40,43.58,83,83,10
1776277957.9257429,00:02:37,HIGH,50.6,27.15,83.0,56.0,3.028,14.40,43.60,83,83,10
1776277959.0833488,00:02:39,HIGH,50.4,28.04,83.0,57.0,3.019,14.40,43.46,83,83,10
1776277960.2866704,00:02:40,HIGH,50.4,28.03,83.0,56.0,3.015,14.39,43.40,83,83,10
1776277961.3851092,00:02:41,HIGH,50.5,27.20,83.0,56.0,3.033,14.39,43.65,83,83,10
1776277962.5367496,00:02:42,HIGH,50.5,28.10,83.0,56.0,3.044,14.39,43.79,83,83,10
1776277963.6950247,00:02:43,HIGH,51.8,27.18,83.0,56.0,3.041,14.38,43.74,83,83,10
1776277964.8154027,00:02:44,HIGH,52.2,28.04,83.0,56.0,3.039,14.38,43.70,83,83,10
1776277965.904263,00:02:45,HIGH,50.5,27.19,83.0,56.0,3.028,14.38,43.55,83,83,10
1776277967.0285707,00:02:47,HIGH,50.5,28.04,83.0,56.0,3.027,14.38,43.53,83,83,10
1776277968.1235957,00:02:48,HIGH,50.5,28.04,83.0,56.0,3.041,14.37,43.71,83,83,10
1776277969.3327944,00:02:49,HIGH,50.5,27.20,83.0,56.0,3.045,14.37,43.76,83,83,10
1776277970.466244,00:02:50,HIGH,50.4,28.04,83.0,56.0,3.031,14.37,43.56,83,83,10
1776277971.593758,00:02:51,HIGH,50.7,27.20,83.0,56.0,3.025,14.37,43.48,83,83,10
1776277972.6959562,00:02:52,HIGH,50.5,28.10,83.0,56.0,3.027,14.37,43.49,83,83,10
1776277973.8972049,00:02:53,HIGH,50.5,27.21,83.0,56.0,3.045,14.36,43.73,83,83,10
1776277974.9816074,00:02:54,HIGH,50.6,27.22,83.0,56.0,3.042,14.36,43.70,83,83,10
1776277976.145828,00:02:56,HIGH,50.5,27.22,83.0,56.0,3.039,14.37,43.66,83,83,10
1776277977.3478274,00:02:57,HIGH,50.5,28.03,83.0,57.0,3.043,14.37,43.73,83,83,10
1776277978.4363334,00:02:58,HIGH,50.4,27.18,83.0,56.0,3.016,14.37,43.34,83,83,10
1776277979.513117,00:02:59,HIGH,50.6,28.05,83.0,56.0,3.031,14.37,43.56,83,83,10
1776277980.5918832,00:03:00,NO_LOAD,50.5,28.09,83.0,56.0,3.035,14.37,43.60,83,83,10
1776277981.7229192,00:03:01,NO_LOAD,0.7,11.19,79.0,52.0,0.774,14.68,11.36,83,79,10
1776277982.9401174,00:03:02,NO_LOAD,0.5,1.24,72.0,52.0,0.653,15.23,9.95,79,72,9
1776277984.1850028,00:03:04,NO_LOAD,0.5,1.21,67.0,51.0,0.533,15.26,8.14,72,67,9
1776277985.429617,00:03:05,NO_LOAD,0.5,1.21,65.0,52.0,0.538,15.26,8.21,67,65,8
1776277986.6625307,00:03:06,NO_LOAD,0.6,2.18,62.0,51.0,0.538,15.26,8.21,63,62,7
1776277987.8897882,00:03:07,NO_LOAD,0.6,2.11,61.0,50.0,0.521,15.28,7.96,62,61,7
1776277989.118203,00:03:09,NO_LOAD,0.6,2.05,59.0,50.0,0.545,15.31,8.34,61,59,7
1776277990.352761,00:03:10,NO_LOAD,0.5,2.22,58.0,51.0,0.517,15.33,7.92,59,58,6
1776277991.596377,00:03:11,NO_LOAD,0.6,3.03,57.0,50.0,0.519,15.32,7.95,58,57,6
1776277992.8218431,00:03:12,NO_LOAD,0.5,2.07,55.0,50.0,0.517,15.32,7.92,56,55,5
1776277994.0553284,00:03:14,NO_LOAD,0.8,1.20,54.0,50.0,0.500,15.31,7.66,55,54,5
1776277995.2832763,00:03:15,NO_LOAD,0.5,2.18,54.0,50.0,0.496,15.35,7.62,54,54,5
1776277996.5236335,00:03:16,NO_LOAD,0.5,2.08,53.0,49.0,0.486,15.37,7.47,54,53,5
1776277997.767527,00:03:17,NO_LOAD,0.6,2.24,53.0,49.0,0.508,15.36,7.80,53,53,5
1776277999.005842,00:03:19,NO_LOAD,0.6,2.19,52.0,49.0,0.508,15.36,7.80,52,52,4
1776278000.2424574,00:03:20,NO_LOAD,0.5,2.14,51.0,49.0,0.538,15.35,8.26,52,51,4
1776278001.4676437,00:03:21,NO_LOAD,0.6,2.04,51.0,49.0,0.525,15.36,8.06,51,51,4
1776278002.7056587,00:03:22,NO_LOAD,0.6,2.17,51.0,49.0,0.501,15.40,7.71,51,51,4
1776278003.9577785,00:03:23,NO_LOAD,0.4,1.21,50.0,49.0,0.495,15.40,7.62,51,50,4
1776278005.182485,00:03:25,NO_LOAD,0.7,2.01,50.0,49.0,0.495,15.39,7.62,50,50,4
1776278006.4099412,00:03:26,NO_LOAD,0.7,2.05,50.0,49.0,0.487,15.40,7.50,50,50,4
1776278007.6442318,00:03:27,NO_LOAD,0.7,2.04,50.0,49.0,0.487,15.37,7.49,50,50,4
1776278008.8832262,00:03:28,NO_LOAD,0.5,2.17,50.0,49.0,0.488,15.41,7.52,50,50,4
1776278010.1380143,00:03:30,NO_LOAD,0.5,1.21,49.0,48.0,0.502,15.41,7.74,50,49,4
1776278011.3666694,00:03:31,LOW,1.0,6.25,49.0,48.0,0.508,15.41,7.83,49,49,4
1776278012.591365,00:03:32,LOW,13.6,4.21,52.0,49.0,0.817,15.30,12.50,49,52,4
1776278013.8197732,00:03:33,LOW,13.3,5.01,53.0,49.0,0.820,15.29,12.54,52,53,4
1776278015.041036,00:03:35,LOW,13.0,20.02,66.0,57.0,2.088,15.28,31.90,53,66,4
1776278016.1664648,00:03:36,LOW,13.2,20.08,81.0,57.0,2.292,14.78,33.87,66,81,5
1776278017.3692043,00:03:37,LOW,13.2,20.05,87.0,57.0,2.280,14.77,33.68,81,87,6
1776278018.4674664,00:03:38,LOW,13.0,20.16,90.0,58.0,2.250,14.78,33.25,87,90,7
1776278019.5807066,00:03:39,LOW,13.1,19.13,91.0,58.0,2.258,14.77,33.34,90,91,8
1776278020.6702766,00:03:40,LOW,13.1,20.18,91.0,58.0,2.284,14.76,33.70,91,91,9
1776278021.7992089,00:03:41,LOW,13.0,21.24,91.0,58.0,2.300,14.73,33.89,91,91,10
1776278023.0216298,00:03:43,LOW,13.1,20.08,92.0,58.0,2.311,14.74,34.06,92,92,11
1776278024.2380524,00:03:44,LOW,14.4,20.16,92.0,58.0,2.453,14.73,36.13,92,92,11
1776278025.4509077,00:03:45,LOW,13.1,21.13,92.0,57.0,2.349,14.71,34.55,92,92,11
1776278026.6516669,00:03:46,LOW,13.1,19.16,92.0,58.0,2.382,14.70,35.02,92,92,11
1776278027.7472463,00:03:47,LOW,13.1,19.22,92.0,58.0,2.335,14.69,34.30,92,92,11
1776278028.9168499,00:03:48,LOW,13.0,21.04,92.0,59.0,2.373,14.70,34.88,92,92,11
1776278030.0024295,00:03:50,LOW,13.0,20.08,92.0,58.0,2.340,14.71,34.41,92,92,11
1776278031.2279015,00:03:51,LOW,13.0,20.10,92.0,58.0,2.354,14.70,34.60,92,92,11
1776278032.3387702,00:03:52,LOW,13.3,20.00,92.0,58.0,2.382,14.70,35.01,92,92,11
1776278033.55743,00:03:53,LOW,13.0,22.06,92.0,58.0,2.352,14.69,34.54,92,92,11
1776278034.6722522,00:03:54,LOW,13.1,21.10,92.0,58.0,2.389,14.66,35.03,92,92,11
1776278035.874391,00:03:55,LOW,13.3,21.01,92.0,58.0,2.378,14.68,34.91,92,92,11
1776278036.9898317,00:03:56,LOW,13.3,23.15,92.0,58.0,2.367,14.68,34.75,92,92,11
1776278038.0957694,00:03:58,LOW,13.1,20.10,92.0,58.0,2.373,14.66,34.80,92,92,11
1776278039.3108766,00:03:59,LOW,13.1,20.06,92.0,58.0,2.361,14.66,34.62,92,92,11
1776278040.4358258,00:04:00,LOW,13.1,19.22,92.0,58.0,2.360,14.67,34.63,92,92,11
1776278041.6615257,00:04:01,MED,13.2,48.15,92.0,58.0,2.347,14.63,34.34,92,92,11
1776278042.8859015,00:04:02,MED,25.4,34.06,92.0,59.0,3.797,14.51,55.08,92,92,11
1776278044.0288959,00:04:04,MED,25.5,35.16,92.0,60.0,3.774,14.18,53.53,92,92,11
1776278045.2297807,00:04:05,MED,25.6,29.04,91.0,58.0,3.751,14.16,53.12,92,91,11
1776278046.4432113,00:04:06,MED,25.5,27.24,89.0,57.0,3.123,14.36,44.86,91,89,11
1776278047.6551192,00:04:07,MED,25.5,27.05,87.0,57.0,3.104,14.38,44.63,89,87,11
1776278048.875537,00:04:08,MED,25.4,27.16,85.0,57.0,3.107,14.37,44.66,87,85,11
1776278050.100541,00:04:10,MED,25.5,28.25,84.0,57.0,3.095,14.37,44.47,85,84,10
1776278051.1806087,00:04:11,MED,25.8,28.23,84.0,58.0,3.072,14.37,44.15,84,84,10
1776278052.3966348,00:04:12,MED,25.4,28.15,83.0,58.0,3.032,14.39,43.62,84,83,10
1776278053.5109253,00:04:13,MED,25.5,28.13,83.0,58.0,3.037,14.38,43.68,83,83,10
1776278054.7247694,00:04:14,MED,25.7,27.15,83.0,58.0,3.033,14.37,43.58,83,83,10
1776278055.9382317,00:04:15,MED,25.5,27.17,83.0,58.0,3.061,14.36,43.96,83,83,10
1776278057.1511033,00:04:17,MED,25.4,27.11,83.0,58.0,3.034,14.37,43.60,83,83,10
1776278058.3694036,00:04:18,MED,25.4,28.15,83.0,58.0,3.029,14.37,43.52,83,83,10
1776278059.5837033,00:04:19,MED,25.6,27.12,84.0,58.0,3.044,14.36,43.72,83,84,10
1776278060.666301,00:04:20,MED,25.5,27.18,84.0,58.0,3.060,14.35,43.92,84,84,10
1776278061.8799376,00:04:21,MED,25.5,27.23,84.0,58.0,3.064,14.34,43.95,84,84,10
1776278062.9865685,00:04:22,MED,25.6,29.06,84.0,58.0,3.049,14.36,43.77,84,84,10
1776278064.1969936,00:04:24,MED,25.5,28.04,84.0,59.0,3.040,14.35,43.64,84,84,10
1776278065.313571,00:04:25,MED,25.5,27.09,84.0,58.0,3.049,14.35,43.74,84,84,10
1776278066.5300708,00:04:26,MED,25.5,27.23,84.0,59.0,3.061,14.35,43.91,84,84,10
1776278067.7413952,00:04:27,MED,25.4,28.17,84.0,58.0,3.055,14.34,43.81,84,84,10
1776278068.832381,00:04:28,MED,25.6,28.11,84.0,59.0,3.051,14.33,43.71,84,84,10
1776278070.0512857,00:04:30,MED,25.3,29.12,84.0,59.0,3.050,14.33,43.71,84,84,10
1776278071.2385828,00:04:31,MED,25.8,27.23,84.0,59.0,3.057,14.34,43.83,84,84,10
1776278072.459575,00:04:32,HIGH,25.9,50.23,84.0,59.0,3.074,14.32,44.04,84,84,10
1776278073.669687,00:04:33,HIGH,50.5,27.10,83.0,56.0,3.036,14.28,43.35,84,83,10
1776278074.8730748,00:04:34,HIGH,50.5,28.09,83.0,56.0,3.040,14.33,43.57,83,83,10
1776278075.9549584,00:04:35,HIGH,50.5,27.23,83.0,56.0,3.046,14.33,43.64,83,83,10
1776278077.1572874,00:04:37,HIGH,50.9,28.04,83.0,55.0,3.027,14.33,43.39,83,83,10
1776278078.2845428,00:04:38,HIGH,50.8,28.09,83.0,56.0,3.040,14.33,43.56,83,83,10
1776278079.3957546,00:04:39,HIGH,50.8,28.09,83.0,56.0,3.025,14.32,43.33,83,83,10
1776278080.5293183,00:04:40,HIGH,50.4,28.03,83.0,56.0,3.023,14.33,43.32,83,83,10
1776278081.651344,00:04:41,HIGH,50.4,28.03,83.0,56.0,3.020,14.33,43.27,83,83,10
1776278082.7819571,00:04:42,HIGH,50.5,27.13,83.0,56.0,3.024,14.32,43.32,83,83,10
1776278083.9929204,00:04:43,HIGH,52.3,27.23,83.0,56.0,3.063,14.31,43.84,83,83,10
1776278085.1970732,00:04:45,HIGH,51.7,27.20,83.0,56.0,3.060,14.31,43.78,83,83,10
1776278086.274676,00:04:46,HIGH,50.6,28.04,83.0,56.0,3.060,14.31,43.79,83,83,10
1776278087.3650846,00:04:47,HIGH,50.8,28.05,83.0,56.0,3.063,14.31,43.83,83,83,10
1776278088.519896,00:04:48,HIGH,50.7,27.15,83.0,56.0,3.053,14.30,43.66,83,83,10
1776278089.7224917,00:04:49,HIGH,50.6,28.04,83.0,57.0,3.054,14.31,43.69,83,83,10
1776278090.8294,00:04:50,HIGH,50.6,27.21,83.0,56.0,3.048,14.30,43.60,83,83,10
1776278091.928104,00:04:51,HIGH,51.0,27.20,83.0,56.0,3.053,14.30,43.67,83,83,10
1776278093.0273538,00:04:53,HIGH,50.5,27.25,83.0,56.0,3.058,14.30,43.74,83,83,10
1776278094.1791475,00:04:54,HIGH,50.5,28.07,83.0,57.0,3.048,14.30,43.59,83,83,10
1776278095.3848333,00:04:55,HIGH,50.9,27.16,83.0,56.0,3.069,14.29,43.86,83,83,10
1776278096.4814124,00:04:56,HIGH,50.9,28.10,83.0,56.0,3.080,14.29,44.03,83,83,10
1776278097.572829,00:04:57,HIGH,50.8,27.14,83.0,57.0,3.070,14.30,43.90,83,83,10
1776278098.733279,00:04:58,HIGH,50.6,28.04,83.0,57.0,3.058,14.30,43.72,83,83,10
1776278099.8164957,00:04:59,HIGH,50.5,27.19,83.0,57.0,3.051,14.30,43.62,83,83,10
1776278100.9342241,00:05:00,HIGH,50.5,27.21,83.0,57.0,3.044,14.29,43.51,83,83,10
1776278102.0346541,00:05:02,HIGH,50.9,27.20,83.0,57.0,3.051,14.29,43.60,83,83,10
1776278103.1670845,00:05:03,NO_LOAD,51.2,16.23,83.0,57.0,3.067,14.29,43.82,83,83,10
1776278104.3069541,00:05:04,NO_LOAD,3.4,5.02,82.0,56.0,1.497,14.86,22.24,83,82,10
1776278105.42486,00:05:05,NO_LOAD,4.8,14.21,74.0,57.0,1.808,14.61,26.42,74,74,9
1776278106.5354366,00:05:06,NO_LOAD,4.2,3.12,74.0,53.0,1.708,14.67,25.05,74,72,9
1776278107.7506502,00:05:07,NO_LOAD,6.7,13.20,68.0,56.0,1.886,14.72,27.76,72,68,9
1776278108.9664536,00:05:08,NO_LOAD,6.7,3.06,68.0,52.0,1.858,14.36,26.68,68,68,8
1776278110.1617951,00:05:10,NO_LOAD,0.7,3.13,66.0,52.0,1.500,14.80,22.21,68,66,8
1776278111.3785913,00:05:11,NO_LOAD,0.6,2.23,63.0,52.0,1.471,14.88,21.89,66,63,8
1776278112.5907981,00:05:12,NO_LOAD,0.4,3.06,62.0,52.0,1.438,14.89,21.41,63,62,7
1776278113.8047783,00:05:13,NO_LOAD,2.4,4.02,61.0,52.0,1.480,14.88,22.02,61,59,7
1776278115.012712,00:05:15,NO_LOAD,0.9,4.08,58.0,52.0,1.442,14.90,21.48,59,58,6
1776278116.206566,00:05:16,NO_LOAD,0.5,3.15,57.0,51.0,1.436,14.90,21.39,58,57,6
1776278117.4176965,00:05:17,NO_LOAD,0.8,2.21,56.0,51.0,1.450,14.89,21.58,57,56,6
1776278118.6395338,00:05:18,NO_LOAD,0.4,2.21,55.0,52.0,1.418,14.91,21.15,56,55,5
1776278119.8660812,00:05:19,NO_LOAD,0.5,2.21,55.0,51.0,0.780,15.14,11.81,55,55,5
1776278121.074066,00:05:21,NO_LOAD,0.5,2.23,54.0,51.0,0.767,15.15,11.62,54,54,5
1776278122.2830768,00:05:22,NO_LOAD,0.4,2.16,54.0,51.0,0.797,15.15,12.07,54,54,5
1776278123.4919147,00:05:23,NO_LOAD,0.4,2.18,53.0,51.0,0.799,15.13,12.09,54,53,5
1776278124.7021432,00:05:24,NO_LOAD,0.5,3.18,53.0,51.0,0.774,15.13,11.71,53,53,5
1776278125.9132602,00:05:25,NO_LOAD,0.6,3.13,53.0,51.0,0.766,15.17,11.62,53,53,5
1776278127.1372387,00:05:27,NO_LOAD,0.5,2.06,52.0,51.0,0.739,15.19,11.23,53,52,5
1776278128.3347278,00:05:28,NO_LOAD,0.4,3.06,52.0,50.0,0.738,15.18,11.21,52,52,4
1776278129.5318043,00:05:29,NO_LOAD,1.7,1.23,52.0,51.0,0.721,15.06,10.86,52,52,4
1776278130.7664948,00:05:30,NO_LOAD,0.4,2.15,51.0,50.0,0.376,15.31,5.76,52,51,4
1776278131.990091,00:05:31,NO_LOAD,1.3,1.25,51.0,49.0,0.423,15.30,6.47,51,51,4
1776278133.2384217,00:05:33,LOW,0.4,4.04,51.0,50.0,0.424,15.32,6.50,51,51,4
1776278134.475724,00:05:34,LOW,13.1,4.25,52.0,50.0,0.709,15.21,10.78,51,52,4
1776278135.6653707,00:05:35,LOW,12.9,21.24,56.0,54.0,0.707,15.21,10.75,54,56,5
1776278136.7862947,00:05:36,LOW,13.0,20.06,77.0,58.0,2.090,14.74,30.81,56,77,5
1776278137.9995167,00:05:37,LOW,12.9,19.13,85.0,58.0,2.063,14.73,30.39,77,85,6
1776278139.0814104,00:05:39,LOW,13.8,20.25,89.0,59.0,2.077,14.75,30.64,85,89,7
1776278140.2867827,00:05:40,LOW,13.3,19.22,90.0,59.0,2.173,14.72,32.00,89,90,8
1776278141.4989855,00:05:41,LOW,13.4,18.07,91.0,59.0,2.144,14.71,31.54,90,91,9
1776278142.7308898,00:05:42,LOW,13.0,21.19,91.0,59.0,2.149,14.72,31.63,91,91,10
1776278143.9495192,00:05:43,LOW,14.1,24.09,91.0,59.0,2.160,14.71,31.77,91,91,11
1776278145.079276,00:05:45,LOW,13.9,21.03,92.0,59.0,2.204,14.70,32.40,92,92,11
1776278146.2970157,00:05:46,LOW,12.9,17.18,92.0,59.0,2.137,14.70,31.41,92,92,11
1776278147.5120153,00:05:47,LOW,13.0,20.09,92.0,59.0,2.161,14.69,31.75,92,92,11
1776278148.7276592,00:05:48,LOW,13.0,21.16,92.0,59.0,2.167,14.68,31.82,92,92,11
1776278149.83588,00:05:49,LOW,13.0,18.14,92.0,58.0,2.187,14.67,32.08,92,92,11
1776278151.0680678,00:05:51,LOW,13.2,19.19,92.0,59.0,2.204,14.64,32.26,92,92,11
1776278152.2919102,00:05:52,LOW,13.1,20.15,92.0,60.0,2.177,14.64,31.87,92,92,11
1776278153.4312177,00:05:53,LOW,12.9,20.03,92.0,59.0,2.164,14.68,31.76,92,92,11
1776278154.5374134,00:05:54,LOW,13.2,19.12,92.0,59.0,2.171,14.68,31.86,92,92,11
1776278155.6884952,00:05:55,LOW,13.1,19.01,92.0,59.0,2.173,14.67,31.88,92,92,11
1776278156.8127687,00:05:56,LOW,13.1,19.03,92.0,59.0,2.187,14.67,32.07,92,92,11
1776278158.0296328,00:05:58,LOW,13.3,19.11,92.0,59.0,2.266,14.60,33.08,92,92,11
1776278159.2196395,00:05:59,LOW,13.0,20.24,92.0,58.0,2.210,14.65,32.38,92,92,11
1776278160.3863988,00:06:00,LOW,13.1,20.10,92.0,59.0,2.216,14.64,32.45,92,92,11
1776278161.4854743,00:06:01,LOW,15.0,22.12,92.0,59.0,2.940,14.62,42.99,92,92,11
1776278162.687596,00:06:02,LOW,18.9,20.14,92.0,59.0,3.341,14.24,47.57,92,92,11
1776278163.89843,00:06:03,MED,14.6,46.09,92.0,59.0,3.550,14.21,50.43,92,92,11
1776278165.094012,00:06:05,MED,25.5,37.24,92.0,59.0,4.899,13.93,68.26,92,92,11
1776278166.2834654,00:06:06,MED,35.2,32.09,92.0,59.0,5.359,13.70,73.42,92,92,11
1776278167.4909935,00:06:07,MED,33.0,18.19,85.0,56.0,3.567,14.10,50.28,92,85,11
1776278168.6769829,00:06:08,MED,27.1,22.17,81.0,56.0,3.547,14.12,50.10,85,81,10
1776278169.8262765,00:06:09,MED,29.5,21.19,78.0,56.0,3.562,14.11,50.26,81,78,10
1776278171.0343723,00:06:11,MED,25.5,23.05,77.0,56.0,3.530,14.12,49.84,78,77,9
1776278172.2503562,00:06:12,MED,25.4,22.12,76.0,57.0,3.459,14.14,48.91,77,76,9
1776278173.451359,00:06:13,MED,25.8,23.02,76.0,57.0,3.488,14.12,49.27,76,76,9
1776278174.652035,00:06:14,MED,26.7,21.24,76.0,57.0,2.887,14.20,40.98,76,76,9
1776278175.844,00:06:15,MED,25.7,23.02,76.0,57.0,2.801,14.35,40.19,76,76,9
1776278177.04479,00:06:17,MED,25.7,21.10,76.0,57.0,2.791,14.35,40.06,76,76,9
1776278178.2006948,00:06:18,MED,26.0,21.03,76.0,58.0,2.848,14.36,40.89,76,76,9
1776278179.401538,00:06:19,MED,25.6,34.05,80.0,61.0,3.771,13.99,52.74,76,80,9
1776278180.6136546,00:06:20,MED,25.5,32.25,87.0,61.0,3.962,13.96,55.31,80,87,9
1776278181.8133872,00:06:21,MED,25.4,32.11,90.0,61.0,3.921,13.97,54.76,90,90,11
1776278183.0147126,00:06:23,MED,25.4,28.13,90.0,60.0,3.655,13.97,51.05,91,90,11
1776278184.2061896,00:06:24,MED,26.9,29.13,88.0,60.0,3.447,14.11,48.63,90,88,11
1776278185.389465,00:06:25,MED,25.8,29.15,87.0,60.0,3.120,14.22,44.36,88,87,11
1776278186.6031353,00:06:26,MED,25.7,29.06,87.0,61.0,3.140,14.23,44.69,87,87,11
1776278187.8271866,00:06:27,MED,25.8,28.10,86.0,60.0,3.137,14.22,44.62,87,86,11
1776278188.9134674,00:06:28,MED,25.7,28.11,86.0,60.0,3.115,14.22,44.31,86,86,10
1776278190.1347613,00:06:30,MED,25.7,28.17,86.0,60.0,3.089,14.21,43.89,86,86,10
1776278191.3465254,00:06:31,MED,25.9,30.06,86.0,60.0,3.067,14.24,43.67,86,86,10
1776278192.485065,00:06:32,MED,26.0,27.21,86.0,60.0,3.063,14.23,43.60,86,86,10
1776278193.6742616,00:06:33,MED,25.5,27.20,86.0,60.0,3.070,14.24,43.71,86,86,10
1776278194.8907957,00:06:34,HIGH,25.7,43.10,86.0,60.0,3.075,14.24,43.78,86,86,10
1776278195.979979,00:06:35,HIGH,50.6,28.02,85.0,57.0,3.088,14.24,43.96,86,85,10
1776278197.101327,00:06:37,HIGH,50.6,28.00,84.0,57.0,3.073,14.23,43.73,85,84,10
1776278198.2379284,00:06:38,HIGH,50.6,28.09,84.0,57.0,3.077,14.22,43.76,84,84,10
1776278199.3998632,00:06:39,HIGH,50.5,27.20,83.0,57.0,3.066,14.24,43.66,84,83,10
1776278200.4964724,00:06:40,HIGH,50.7,27.24,83.0,57.0,3.060,14.24,43.57,83,83,10
1776278201.6869123,00:06:41,HIGH,50.8,28.02,83.0,57.0,3.063,14.23,43.60,83,83,10
1776278202.8317518,00:06:42,HIGH,50.5,27.19,83.0,57.0,3.061,14.23,43.57,83,83,10
1776278203.9854853,00:06:43,HIGH,51.7,28.01,83.0,57.0,3.076,14.21,43.72,83,83,10
1776278205.1892045,00:06:45,HIGH,52.4,27.18,84.0,57.0,3.051,14.23,43.42,84,84,10
1776278206.3004599,00:06:46,HIGH,50.6,28.03,84.0,58.0,3.069,14.23,43.67,84,84,10
1776278207.389711,00:06:47,HIGH,50.6,27.19,84.0,57.0,3.048,14.23,43.37,84,84,10
1776278208.565745,00:06:48,HIGH,50.4,28.02,84.0,57.0,3.048,14.23,43.37,84,84,10
1776278209.7680788,00:06:49,HIGH,50.6,28.05,84.0,56.0,3.072,14.23,43.71,84,84,10
1776278210.856273,00:06:50,HIGH,50.3,27.23,84.0,57.0,3.084,14.22,43.85,84,84,10
1776278211.9828186,00:06:51,HIGH,51.0,27.15,84.0,58.0,3.084,14.22,43.85,84,84,10
1776278213.195375,00:06:53,HIGH,50.4,27.19,84.0,57.0,3.045,14.22,43.31,84,84,10
1776278214.2709908,00:06:54,HIGH,50.6,27.24,84.0,57.0,3.048,14.22,43.36,84,84,10
1776278215.4439623,00:06:55,HIGH,50.5,27.14,84.0,57.0,3.049,14.22,43.37,84,84,10
1776278216.5303223,00:06:56,HIGH,50.5,28.03,84.0,57.0,3.050,14.23,43.39,84,84,10
1776278217.6064034,00:06:57,HIGH,50.5,31.01,84.0,58.0,3.053,14.22,43.43,84,84,10
1776278218.7587025,00:06:58,HIGH,50.7,27.23,84.0,57.0,3.066,14.22,43.60,84,84,10
1776278219.850298,00:06:59,HIGH,50.5,28.08,84.0,57.0,3.065,14.21,43.57,84,84,10
1776278221.0523984,00:07:01,HIGH,50.4,28.04,84.0,57.0,3.053,14.22,43.41,84,84,10
1776278222.1309385,00:07:02,HIGH,50.6,28.02,84.0,57.0,3.059,14.22,43.49,84,84,10
1776278223.269905,00:07:03,HIGH,50.5,27.20,84.0,57.0,3.055,14.22,43.43,84,84,10
1776278224.3533168,00:07:04,HIGH,50.5,27.19,84.0,58.0,3.053,14.22,43.40,84,84,10
1776278225.5546937,00:07:05,NO_LOAD,50.5,17.09,84.0,57.0,3.064,14.21,43.54,84,84,10
1776278226.7808096,00:07:06,NO_LOAD,0.5,2.22,80.0,54.0,0.675,14.65,9.89,84,80,10
1776278227.9002728,00:07:07,NO_LOAD,0.5,1.20,74.0,54.0,0.669,15.05,10.07,80,74,9
1776278229.1387935,00:07:09,NO_LOAD,0.9,1.25,68.0,53.0,0.590,15.05,8.88,74,68,9
1776278230.3852613,00:07:10,NO_LOAD,0.5,2.05,65.0,52.0,0.586,15.09,8.84,68,65,8
1776278231.620775,00:07:11,NO_LOAD,0.6,2.06,62.0,52.0,0.577,15.10,8.72,64,62,7
1776278232.8531935,00:07:12,NO_LOAD,0.4,2.12,61.0,52.0,0.523,15.12,7.91,62,61,7
1776278234.07543,00:07:14,NO_LOAD,0.8,3.24,60.0,52.0,0.533,15.08,8.04,61,60,7
1776278235.3074207,00:07:15,NO_LOAD,0.6,2.23,58.0,51.0,0.523,15.11,7.90,60,58,6
1776278236.5562146,00:07:16,NO_LOAD,0.7,1.24,57.0,51.0,0.503,15.17,7.63,58,57,6
1776278237.785932,00:07:17,NO_LOAD,0.8,2.18,56.0,51.0,0.502,15.17,7.61,56,56,5
1776278239.0247781,00:07:19,NO_LOAD,0.7,2.12,55.0,51.0,0.502,15.18,7.62,56,55,5
1776278240.25892,00:07:20,NO_LOAD,0.6,2.17,54.0,50.0,0.515,15.16,7.81,55,54,5
1776278241.4969742,00:07:21,NO_LOAD,0.6,4.03,54.0,51.0,0.509,15.16,7.71,54,54,5
1776278242.7352104,00:07:22,NO_LOAD,0.9,1.24,54.0,50.0,0.519,15.15,7.86,54,54,5
1776278243.9632506,00:07:23,NO_LOAD,0.5,1.20,53.0,51.0,0.503,15.20,7.65,53,53,5
1776278245.1958127,00:07:25,NO_LOAD,0.9,1.20,53.0,50.0,0.516,15.19,7.84,53,53,5
1776278246.4100506,00:07:26,NO_LOAD,0.6,1.25,52.0,50.0,0.504,15.20,7.66,53,52,5
1776278247.6440837,00:07:27,NO_LOAD,1.1,1.21,52.0,50.0,0.525,15.17,7.96,52,52,4
1776278248.889399,00:07:28,NO_LOAD,0.9,1.22,51.0,50.0,0.517,15.20,7.86,52,51,4
1776278250.1310103,00:07:30,NO_LOAD,0.8,2.13,51.0,49.0,0.546,15.20,8.30,51,51,4
1776278251.3730567,00:07:31,NO_LOAD,1.3,2.19,51.0,49.0,0.516,15.21,7.85,51,51,4
1776278252.6013734,00:07:32,NO_LOAD,1.0,1.22,51.0,49.0,0.515,15.22,7.84,51,51,4
1776278253.8247285,00:07:33,NO_LOAD,0.7,1.21,51.0,49.0,0.512,15.21,7.79,51,51,4
1776278255.0742443,00:07:35,NO_LOAD,0.6,1.21,50.0,49.0,0.517,15.21,7.86,51,50,4
1776278256.3126116,00:07:36,LOW,0.7,6.11,50.0,49.0,0.516,15.21,7.85,50,50,4
1776278257.5375943,00:07:37,LOW,13.0,5.00,53.0,50.0,0.803,15.13,12.15,50,53,4
1776278258.7624142,00:07:38,LOW,13.1,4.21,54.0,49.0,0.838,15.11,12.67,53,54,4
1776278259.9120338,00:07:39,LOW,13.1,20.09,66.0,58.0,1.668,14.75,24.60,54,66,5
1776278261.0940943,00:07:41,LOW,14.0,19.12,81.0,58.0,2.352,14.62,34.38,66,81,6
1776278262.180866,00:07:42,LOW,14.2,20.14,87.0,58.0,2.330,14.60,34.01,81,87,7
1776278263.4181805,00:07:43,LOW,13.4,19.20,90.0,58.0,2.270,14.60,33.14,87,90,8
1776278264.6514955,00:07:44,LOW,14.6,21.02,91.0,59.0,2.371,14.59,34.60,90,91,9
1776278265.8657863,00:07:45,LOW,13.2,19.21,91.0,58.0,2.275,14.60,33.21,91,91,11
1776278267.0786252,00:07:47,LOW,13.3,19.10,91.0,58.0,2.318,14.58,33.79,91,91,11
1776278268.2013001,00:07:48,LOW,13.1,21.16,92.0,58.0,2.294,14.57,33.42,91,92,11
1776278269.4151726,00:07:49,LOW,13.0,20.02,92.0,58.0,2.307,14.57,33.61,92,92,11
1776278270.641094,00:07:50,LOW,13.5,23.13,92.0,58.0,2.351,14.55,34.20,92,92,11
1776278271.8649435,00:07:51,LOW,13.6,20.24,92.0,58.0,2.373,14.52,34.46,92,92,11
1776278273.0799534,00:07:53,LOW,13.2,19.06,92.0,59.0,2.335,14.54,33.96,92,92,11
1776278274.299707,00:07:54,LOW,13.1,19.23,92.0,58.0,2.368,14.53,34.40,92,92,11
1776278275.407909,00:07:55,LOW,13.0,21.03,92.0,58.0,2.355,14.53,34.23,92,92,11
1776278276.5039718,00:07:56,LOW,13.1,19.03,92.0,59.0,2.358,14.53,34.26,92,92,11
1776278277.5933502,00:07:57,LOW,13.2,20.07,92.0,59.0,2.357,14.53,34.24,92,92,11
1776278278.7249582,00:07:58,LOW,13.3,20.09,92.0,58.0,2.368,14.52,34.39,92,92,11
1776278279.938449,00:07:59,LOW,12.9,19.09,92.0,58.0,2.337,14.53,33.95,92,92,11
1776278281.1525233,00:08:01,LOW,13.0,20.14,92.0,58.0,2.332,14.53,33.87,92,92,11
1776278282.2636242,00:08:02,LOW,13.3,21.18,92.0,58.0,2.359,14.53,34.27,92,92,11
1776278283.4024477,00:08:03,LOW,13.1,21.10,92.0,59.0,2.346,14.52,34.07,92,92,11
1776278284.5733478,00:08:04,LOW,13.3,19.09,92.0,58.0,2.359,14.51,34.23,92,92,11
1776278285.8025374,00:08:05,LOW,13.2,25.03,92.0,59.0,2.374,14.49,34.41,92,92,11
1776278287.0237982,00:08:07,MED,13.1,45.20,92.0,58.0,2.367,14.47,34.26,92,92,11
1776278288.2195437,00:08:08,MED,25.5,35.15,92.0,59.0,3.773,14.45,54.52,92,92,11
1776278289.3197865,00:08:09,MED,25.6,33.06,92.0,59.0,3.755,14.01,52.62,92,92,11
1776278290.4234757,00:08:10,MED,25.6,34.09,92.0,59.0,3.754,14.02,52.63,92,92,11
1776278291.635331,00:08:11,MED,25.5,28.15,91.0,58.0,3.519,14.13,49.74,92,91,11
1776278292.857307,00:08:12,MED,25.6,27.14,89.0,58.0,3.134,14.20,44.52,91,89,11
1776278293.999782,00:08:13,MED,25.8,26.10,87.0,58.0,3.133,14.20,44.50,89,87,11
1776278295.1125994,00:08:15,MED,25.5,29.20,86.0,58.0,3.127,14.21,44.42,87,86,11
1776278296.2252653,00:08:16,MED,25.8,28.24,85.0,59.0,3.114,14.20,44.22,86,85,10
1776278297.4170856,00:08:17,MED,25.7,28.02,85.0,58.0,3.087,14.21,43.86,85,85,10
1776278298.6309402,00:08:18,MED,25.4,28.10,84.0,59.0,3.099,14.20,44.01,84,84,10
1776278299.8415565,00:08:19,MED,25.6,27.17,84.0,58.0,3.102,14.20,44.05,84,84,10
1776278300.9826152,00:08:20,MED,25.8,27.23,84.0,59.0,3.112,14.20,44.19,84,84,10
1776278302.1939678,00:08:22,MED,25.8,27.21,84.0,59.0,3.108,14.20,44.12,84,84,10
1776278303.4072194,00:08:23,MED,25.5,27.14,84.0,58.0,3.071,14.20,43.61,84,84,10
1776278304.521681,00:08:24,MED,25.5,27.21,84.0,59.0,3.079,14.20,43.73,84,84,10
1776278305.6887639,00:08:25,MED,25.5,28.24,84.0,59.0,3.087,14.19,43.79,84,84,10
1776278306.855686,00:08:26,MED,25.7,28.04,84.0,59.0,3.090,14.17,43.79,84,84,10
1776278308.0680563,00:08:28,MED,25.5,27.21,85.0,59.0,3.075,14.19,43.63,85,85,10
1776278309.2810507,00:08:29,MED,25.6,29.06,85.0,59.0,3.077,14.19,43.66,85,85,10
1776278310.4563775,00:08:30,MED,25.5,28.17,85.0,60.0,3.102,14.18,44.00,85,85,10
1776278311.6679919,00:08:31,MED,26.1,27.16,85.0,59.0,3.113,14.17,44.12,85,85,10
1776278312.859615,00:08:32,MED,25.6,28.24,85.0,60.0,3.099,14.17,43.91,85,85,10
1776278314.0896575,00:08:34,MED,25.5,28.03,85.0,59.0,3.113,14.17,44.10,85,85,10
1776278315.2214777,00:08:35,MED,25.6,27.24,85.0,59.0,3.078,14.17,43.62,85,85,10
1776278316.4366412,00:08:36,MED,25.6,29.14,85.0,59.0,3.085,14.17,43.71,85,85,10
1776278317.655805,00:08:37,HIGH,25.6,50.23,85.0,60.0,3.091,14.17,43.79,85,85,10
1776278318.8571525,00:08:38,HIGH,50.5,28.06,84.0,56.0,3.071,14.15,43.45,85,84,10
1776278320.0544713,00:08:40,HIGH,51.0,27.25,83.0,56.0,3.077,14.18,43.62,84,83,10
1776278321.1733558,00:08:41,HIGH,53.3,27.21,83.0,56.0,3.085,14.17,43.71,83,83,10
1776278322.2780738,00:08:42,HIGH,52.9,29.09,83.0,56.0,3.126,14.13,44.18,83,83,10
1776278323.4083679,00:08:43,HIGH,51.0,27.20,82.0,57.0,3.101,14.16,43.90,83,82,10
1776278324.5393467,00:08:44,HIGH,53.4,28.01,83.0,56.0,3.104,14.16,43.94,82,83,10
1776278325.75345,00:08:45,HIGH,50.7,27.20,83.0,56.0,3.118,14.15,44.11,83,83,10
1776278326.9008782,00:08:46,HIGH,50.7,27.20,83.0,57.0,3.080,14.16,43.61,83,83,10
1776278327.9969792,00:08:47,HIGH,50.7,27.18,83.0,57.0,3.077,14.16,43.56,83,83,10
1776278329.1124525,00:08:49,HIGH,50.7,27.24,83.0,56.0,3.084,14.15,43.65,83,83,10
1776278330.2313077,00:08:50,HIGH,50.7,28.02,83.0,57.0,3.079,14.15,43.57,83,83,10
1776278331.3546176,00:08:51,HIGH,50.9,28.04,83.0,56.0,3.073,14.15,43.50,83,83,10
1776278332.556684,00:08:52,HIGH,50.8,27.19,83.0,57.0,3.076,14.15,43.52,83,83,10
1776278333.7598765,00:08:53,HIGH,50.9,27.15,83.0,58.0,3.088,14.15,43.70,83,83,10
1776278334.8741925,00:08:54,HIGH,50.5,27.20,83.0,57.0,3.098,14.13,43.79,83,83,10
1776278335.96786,00:08:55,HIGH,53.2,27.09,83.0,57.0,3.118,14.14,44.08,83,83,10
1776278337.1796308,00:08:57,HIGH,53.4,27.01,83.0,57.0,3.132,14.11,44.19,83,83,10
1776278338.2631195,00:08:58,HIGH,50.7,28.02,83.0,57.0,3.100,14.13,43.80,83,83,10
1776278339.4734797,00:08:59,HIGH,50.6,28.03,83.0,56.0,3.078,14.14,43.52,83,83,10
1776278340.5676298,00:09:00,HIGH,50.6,28.03,83.0,57.0,3.078,14.14,43.53,83,83,10
1776278341.65707,00:09:01,HIGH,50.6,28.09,83.0,57.0,3.076,14.14,43.49,83,83,10
1776278342.764032,00:09:02,HIGH,50.7,28.05,83.0,57.0,3.092,14.14,43.72,83,83,10
1776278343.9175112,00:09:03,HIGH,50.8,28.16,83.0,57.0,3.078,14.14,43.51,83,83,10
1776278345.1091208,00:09:05,HIGH,50.8,27.16,83.0,57.0,3.093,14.12,43.66,83,83,10
1776278346.2052488,00:09:06,HIGH,50.6,28.05,83.0,57.0,3.107,14.12,43.88,83,83,10
1776278347.3698137,00:09:07,HIGH,50.6,27.21,83.0,57.0,3.127,14.12,44.16,83,83,10
1776278348.4942994,00:09:08,NO_LOAD,50.9,20.04,83.0,58.0,3.116,14.12,44.00,83,83,10
